gm1,gm3_a0,gm3_0a,gm5_a00,gm5_0a0,gm5_00a,frequency
0,-0.005,0.0,-0.0024,0.0,-0.01,0.0,7909.790146874
1,-0.005,0.0,-0.0024,0.0,-0.01,0.01,7619.874234355882
2,-0.005,0.0,-0.0024,0.0,-0.01,-0.01,7619.800560177962
3,-0.005,0.0,-0.0024,0.0,0.0,-0.01,7620.930328243599
4,-0.005,0.0,-0.0024,0.0,0.0,0.0,7888.340652301562
5,-0.005,0.0,-0.0024,0.0,0.0,0.01,7620.897678849009
6,-0.005,0.0,-0.0024,0.0,0.01,0.0,7909.740520105284
7,-0.005,0.0,-0.0024,0.0,0.01,0.01,7619.904262795969
8,-0.005,0.0,-0.0024,0.0,0.01,-0.01,7619.784498556129
9,-0.005,0.0,-0.0024,0.01,0.0,-0.01,7443.964032128099
10,-0.005,0.0,-0.0024,0.01,0.0,0.0,7703.221472928005
11,-0.005,0.0,-0.0024,0.01,0.0,0.01,7443.8881073208995
12,-0.005,0.0,-0.0024,0.01,0.01,0.0,7712.611822461529
13,-0.005,0.0,-0.0024,0.01,0.01,0.01,7388.1554411844
14,-0.005,0.0,-0.0024,0.01,0.01,-0.01,7503.054370549928
15,-0.005,0.0,-0.0024,0.01,-0.01,0.0,7712.632372700837
16,-0.005,0.0,-0.0024,0.01,-0.01,0.01,7502.996681625599
17,-0.005,0.0,-0.0024,0.01,-0.01,-0.01,7388.190854431397
18,-0.005,0.0,-0.0024,-0.01,0.0,-0.01,7444.238917680008
19,-0.005,0.0,-0.0024,-0.01,0.0,0.0,7703.51093450461
20,-0.005,0.0,-0.0024,-0.01,0.0,0.01,7444.1436648614
21,-0.005,0.0,-0.0024,-0.01,0.01,0.0,7712.891448578762
22,-0.005,0.0,-0.0024,-0.01,0.01,0.01,7503.231423228025
23,-0.005,0.0,-0.0024,-0.01,0.01,-0.01,7388.462129594896
24,-0.005,0.0,-0.0024,-0.01,-0.01,0.0,7712.88126110612
25,-0.005,0.0,-0.0024,-0.01,-0.01,0.01,7388.3373217718445
26,-0.005,0.0,-0.0024,-0.01,-0.01,-0.01,7503.329132254081
27,-0.005,0.0,0.0,-0.01,0.0,-0.01,9595.0059027182
28,-0.005,0.0,0.0,-0.01,0.0,0.0,9952.20943529912
29,-0.005,0.0,0.0,-0.01,0.0,0.01,9594.519077011457
30,-0.005,0.0,0.0,-0.01,0.01,0.0,9595.684540729226
31,-0.005,0.0,0.0,-0.01,0.01,0.01,9897.001392538275
32,-0.005,0.0,0.0,-0.01,0.01,-0.01,9094.850574689477
33,-0.005,0.0,0.0,-0.01,-0.01,0.0,9595.211999253408
34,-0.005,0.0,0.0,-0.01,-0.01,0.01,9094.9980125546
35,-0.005,0.0,0.0,-0.01,-0.01,-0.01,9897.277760113968
36,-0.005,0.0,0.0,0.0,-0.01,0.0,9953.306035790049
37,-0.005,0.0,0.0,0.0,-0.01,0.01,9595.527221524644
38,-0.005,0.0,0.0,0.0,-0.01,-0.01,9595.226888442441
39,-0.005,0.0,0.0,0.0,0.0,-0.01,9951.674525286402
40,-0.005,0.0,0.0,0.0,0.0,0.0,10773.009683472099
41,-0.005,0.0,0.0,0.0,0.0,0.01,9950.64524803224
42,-0.005,0.0,0.0,0.0,0.01,0.0,9953.456084806081
43,-0.005,0.0,0.0,0.0,0.01,0.01,9595.679642851599
44,-0.005,0.0,0.0,0.0,0.01,-0.01,9596.065795359122
45,-0.005,0.0,0.0,0.01,0.0,-0.01,9595.017069488966
46,-0.005,0.0,0.0,0.01,0.0,0.0,9951.15559051944
47,-0.005,0.0,0.0,0.01,0.0,0.01,9594.67051080732
48,-0.005,0.0,0.0,0.01,0.01,0.0,9595.789747442403
49,-0.005,0.0,0.0,0.01,0.01,0.01,9093.508239372544
50,-0.005,0.0,0.0,0.01,0.01,-0.01,9896.635892894568
51,-0.005,0.0,0.0,0.01,-0.01,0.0,9596.5005445929
52,-0.005,0.0,0.0,0.01,-0.01,0.01,9896.628730203602
53,-0.005,0.0,0.0,0.01,-0.01,-0.01,9093.889873648322
54,-0.005,0.0,0.0024,0.0,-0.01,0.0,7617.4126272840995
55,-0.005,0.0,0.0024,0.0,-0.01,0.01,7619.292706873601
56,-0.005,0.0,0.0024,0.0,-0.01,-0.01,7619.304927276899
57,-0.005,0.0,0.0024,0.0,0.0,-0.01,7907.290681010705
58,-0.005,0.0,0.0024,0.0,0.0,0.0,7888.712441843775
59,-0.005,0.0,0.0024,0.0,0.0,0.01,7907.285701326401
60,-0.005,0.0,0.0024,0.0,0.01,0.0,7617.475118309904
61,-0.005,0.0,0.0024,0.0,0.01,0.01,7619.43778115088
62,-0.005,0.0,0.0024,0.0,0.01,-0.01,7619.49120235181
63,-0.005,0.0,0.0024,0.01,0.0,-0.01,7712.182908331225
64,-0.005,0.0,0.0024,0.01,0.0,0.0,7705.808564080226
65,-0.005,0.0,0.0024,0.01,0.0,0.01,7712.173950792256
66,-0.005,0.0,0.0024,0.01,0.01,0.0,7443.6147812209965
67,-0.005,0.0,0.0024,0.01,0.01,0.01,7387.8423986484795
68,-0.005,0.0,0.0024,0.01,0.01,-0.01,7502.758998667023
69,-0.005,0.0,0.0024,0.01,-0.01,0.0,7443.513147985209
70,-0.005,0.0,0.0024,0.01,-0.01,0.01,7502.613480346384
71,-0.005,0.0,0.0024,0.01,-0.01,-0.01,7387.75335206568
72,-0.005,0.0,0.0024,-0.01,0.0,-0.01,7712.212942470435
73,-0.005,0.0,0.0024,-0.01,0.0,0.0,7705.803648247849
74,-0.005,0.0,0.0024,-0.01,0.0,0.01,7712.200647786496
75,-0.005,0.0,0.0024,-0.01,0.01,0.0,7443.6701707638495
76,-0.005,0.0,0.0024,-0.01,0.01,0.01,7502.7758026592255
77,-0.005,0.0,0.0024,-0.01,0.01,-0.01,7387.935399610001
78,-0.005,0.0,0.0024,-0.01,-0.01,0.0,7443.51935984389
79,-0.005,0.0,0.0024,-0.01,-0.01,0.01,7387.738052610305
80,-0.005,0.0,0.0024,-0.01,-0.01,-0.01,7502.638426243984
81,-0.005,0.01,0.0,-0.01,0.0,-0.01,-3843.267814869025
82,-0.005,0.01,0.0,-0.01,0.0,0.0,-3709.811629017729
83,-0.005,0.01,0.0,-0.01,0.0,0.01,-3843.3553510296015
84,-0.005,0.01,0.0,-0.01,0.01,0.0,-3843.321625931841
85,-0.005,0.01,0.0,-0.01,0.01,0.01,-3965.7245500520007
86,-0.005,0.01,0.0,-0.01,0.01,-0.01,-3975.6966983718758
87,-0.005,0.01,0.0,-0.01,-0.01,0.0,-3843.3025316406247
88,-0.005,0.01,0.0,-0.01,-0.01,0.01,-3975.1810666273686
89,-0.005,0.01,0.0,-0.01,-0.01,-0.01,-3965.6970934359615
90,-0.005,0.01,0.0,0.0,-0.01,0.0,-3858.3594411016356
91,-0.005,0.01,0.0,0.0,-0.01,0.01,-3987.265893329601
92,-0.005,0.01,0.0,0.0,-0.01,-0.01,-3987.8059259519287
93,-0.005,0.01,0.0,0.0,0.0,-0.01,-3858.816998868129
94,-0.005,0.01,0.0,0.0,0.0,0.0,-3727.062573406929
95,-0.005,0.01,0.0,0.0,0.0,0.01,-3859.055416719616
96,-0.005,0.01,0.0,0.0,0.01,0.0,-3858.3727338716008
97,-0.005,0.01,0.0,0.0,0.01,0.01,-3987.2809218064
98,-0.005,0.01,0.0,0.0,0.01,-0.01,-3987.2340684134006
99,-0.005,0.01,0.0,0.01,0.0,-0.01,-3843.260623557369
100,-0.005,0.01,0.0,0.01,0.0,0.0,-3709.908595542361
101,-0.005,0.01,0.0,0.01,0.0,0.01,-3843.3606825843362
102,-0.005,0.01,0.0,0.01,0.01,0.0,-3843.3304291599998
103,-0.005,0.01,0.0,0.01,0.01,0.01,-3975.1886325154096
104,-0.005,0.01,0.0,0.01,0.01,-0.01,-3965.681475953649
105,-0.005,0.01,0.0,0.01,-0.01,0.0,-3843.3015397306885
106,-0.005,0.01,0.0,0.01,-0.01,0.01,-3965.718882394116
107,-0.005,0.01,0.0,0.01,-0.01,-0.01,-3975.7046430697214
108,-0.005,0.01,0.0024,0.0,-0.01,0.0,-3918.134025
109,-0.005,0.01,0.0024,0.0,-0.01,0.01,-4045.251038834944
110,-0.005,0.01,0.0024,0.0,-0.01,-0.01,-4045.024109054016
111,-0.005,0.01,0.0024,0.0,0.0,-0.01,-3911.780581204441
112,-0.005,0.01,0.0024,0.0,0.0,0.0,-3784.909358294689
113,-0.005,0.01,0.0024,0.0,0.0,0.01,-3911.8497554275236
114,-0.005,0.01,0.0024,0.0,0.01,0.0,-3918.1511760487692
115,-0.005,0.01,0.0024,0.0,0.01,0.01,-4045.264776940816
116,-0.005,0.01,0.0024,0.0,0.01,-0.01,-4045.0392459881286
117,-0.005,0.01,0.0024,0.01,0.0,-0.01,-3896.5118268261162
118,-0.005,0.01,0.0024,0.01,0.0,0.0,-3768.1169973001
119,-0.005,0.01,0.0024,0.01,0.0,0.01,-3896.5710031504
120,-0.005,0.01,0.0024,0.01,0.01,0.0,-3905.2623124416036
121,-0.005,0.01,0.0024,0.01,0.01,0.01,-4033.072112899729
122,-0.005,0.01,0.0024,0.01,0.01,-0.01,-4023.483768697969
123,-0.005,0.01,0.0024,0.01,-0.01,0.0,-3905.234066064384
124,-0.005,0.01,0.0024,0.01,-0.01,0.01,-4023.5524012644837
125,-0.005,0.01,0.0024,0.01,-0.01,-0.01,-4033.0110199040637
126,-0.005,0.01,0.0024,-0.01,0.0,-0.01,-3896.5200665405437
127,-0.005,0.01,0.0024,-0.01,0.0,0.0,-3767.100284917264
128,-0.005,0.01,0.0024,-0.01,0.0,0.01,-3896.5707534603234
129,-0.005,0.01,0.0024,-0.01,0.01,0.0,-3905.2521887282887
130,-0.005,0.01,0.0024,-0.01,0.01,0.01,-4023.568766602449
131,-0.005,0.01,0.0024,-0.01,0.01,-0.01,-4033.020291784225
132,-0.005,0.01,0.0024,-0.01,-0.01,0.0,-3905.227316945124
133,-0.005,0.01,0.0024,-0.01,-0.01,0.01,-4033.051663841344
134,-0.005,0.01,0.0024,-0.01,-0.01,-0.01,-4023.4778061920997
135,-0.005,0.01,-0.0024,0.0,-0.01,0.0,-3911.3091370116003
136,-0.005,0.01,-0.0024,0.0,-0.01,0.01,-4045.1293049715614
137,-0.005,0.01,-0.0024,0.0,-0.01,-0.01,-4045.023854652004
138,-0.005,0.01,-0.0024,0.0,0.0,-0.01,-3919.638327210225
139,-0.005,0.01,-0.0024,0.0,0.0,0.0,-3785.964773677636
140,-0.005,0.01,-0.0024,0.0,0.0,0.01,-3919.787583754849
141,-0.005,0.01,-0.0024,0.0,0.01,0.0,-3911.335654211584
142,-0.005,0.01,-0.0024,0.0,0.01,0.01,-4045.145968537444
143,-0.005,0.01,-0.0024,0.0,0.01,-0.01,-4045.0360659576036
144,-0.005,0.01,-0.0024,0.01,0.0,-0.01,-3905.177448633561
145,-0.005,0.01,-0.0024,0.01,0.0,0.0,-3768.153951154681
146,-0.005,0.01,-0.0024,0.01,0.0,0.01,-3905.3291792726886
147,-0.005,0.01,-0.0024,0.01,0.01,0.0,-3896.494348672836
148,-0.005,0.01,-0.0024,0.01,0.01,0.01,-4033.1141542944165
149,-0.005,0.01,-0.0024,0.01,0.01,-0.01,-4023.4665155016014
150,-0.005,0.01,-0.0024,0.01,-0.01,0.0,-3896.5296795517215
151,-0.005,0.01,-0.0024,0.01,-0.01,0.01,-4023.58056489
152,-0.005,0.01,-0.0024,0.01,-0.01,-0.01,-4032.9699951375605
153,-0.005,0.01,-0.0024,-0.01,0.0,-0.01,-3905.184322692676
154,-0.005,0.01,-0.0024,-0.01,0.0,0.0,-3768.1722439936
155,-0.005,0.01,-0.0024,-0.01,0.0,0.01,-3905.332928831569
156,-0.005,0.01,-0.0024,-0.01,0.01,0.0,-3896.542039154944
157,-0.005,0.01,-0.0024,-0.01,0.01,0.01,-4023.6120270747037
158,-0.005,0.01,-0.0024,-0.01,0.01,-0.01,-4032.9793939820493
159,-0.005,0.01,-0.0024,-0.01,-0.01,0.0,-3896.4821139888636
160,-0.005,0.01,-0.0024,-0.01,-0.01,0.01,-4033.0957373422807
161,-0.005,0.01,-0.0024,-0.01,-0.01,-0.01,-4023.4431730006886
162,-0.005,-0.01,0.0,-0.01,0.0,-0.01,2128.340788995136
163,-0.005,-0.01,0.0,-0.01,0.0,0.0,2182.619083183081
164,-0.005,-0.01,0.0,-0.01,0.0,0.01,2128.307295883561
165,-0.005,-0.01,0.0,-0.01,0.01,0.0,2128.319013829264
166,-0.005,-0.01,0.0,-0.01,0.01,0.01,2129.233574417161
167,-0.005,-0.01,0.0,-0.01,0.01,-0.01,2033.1163965684639
168,-0.005,-0.01,0.0,-0.01,-0.01,0.0,2128.207833045009
169,-0.005,-0.01,0.0,-0.01,-0.01,0.01,2032.9628226153209
170,-0.005,-0.01,0.0,-0.01,-0.01,-0.01,2129.060447078049
171,-0.005,-0.01,0.0,0.0,-0.01,0.0,2869.152767767729
172,-0.005,-0.01,0.0,0.0,-0.01,0.01,2833.422786309025
173,-0.005,-0.01,0.0,0.0,-0.01,-0.01,2832.679532663929
174,-0.005,-0.01,0.0,0.0,0.0,-0.01,2874.1253821569
175,-0.005,-0.01,0.0,0.0,0.0,0.0,2989.8448769166757
176,-0.005,-0.01,0.0,0.0,0.0,0.01,2874.172667138721
177,-0.005,-0.01,0.0,0.0,0.01,0.0,2869.322141130916
178,-0.005,-0.01,0.0,0.0,0.01,0.01,2832.841652006916
179,-0.005,-0.01,0.0,0.0,0.01,-0.01,2833.5244563396
180,-0.005,-0.01,0.0,0.01,0.0,-0.01,2128.283767822276
181,-0.005,-0.01,0.0,0.01,0.0,0.0,2181.558888679921
182,-0.005,-0.01,0.0,0.01,0.0,0.01,2128.251197818729
183,-0.005,-0.01,0.0,0.01,0.01,0.0,2128.2560879166763
184,-0.005,-0.01,0.0,0.01,0.01,0.01,2032.4201749816411
185,-0.005,-0.01,0.0,0.01,0.01,-0.01,2128.3178143530254
186,-0.005,-0.01,0.0,0.01,-0.01,0.0,2128.1965767291613
187,-0.005,-0.01,0.0,0.01,-0.01,0.01,2128.238557402896
188,-0.005,-0.01,0.0,0.01,-0.01,-0.01,2032.2957495420808
189,-0.005,-0.01,0.0024,0.0,-0.01,0.0,-15.428531958889
190,-0.005,-0.01,0.0024,0.0,-0.01,0.01,23.804923982841
191,-0.005,-0.01,0.0024,0.0,-0.01,-0.01,23.618598850609
192,-0.005,-0.01,0.0024,0.0,0.0,-0.01,136.259839495521
193,-0.005,-0.01,0.0024,0.0,0.0,0.0,118.59554126496398
194,-0.005,-0.01,0.0024,0.0,0.0,0.01,136.244198072161
195,-0.005,-0.01,0.0024,0.0,0.01,0.0,-15.252164781604
196,-0.005,-0.01,0.0024,0.0,0.01,0.01,23.657124371880997
197,-0.005,-0.01,0.0024,0.0,0.01,-0.01,23.857119140625002
198,-0.005,-0.01,0.0024,0.01,0.0,-0.01,-64.443389296896
199,-0.005,-0.01,0.0024,0.01,0.0,0.0,-71.64584728576901
200,-0.005,-0.01,0.0024,0.01,0.0,0.01,-64.45623419929599
201,-0.005,-0.01,0.0024,0.01,0.01,0.0,-192.15390731768102
202,-0.005,-0.01,0.0024,0.01,0.01,0.01,-188.362257087169
203,-0.005,-0.01,0.0024,0.01,0.01,-0.01,-164.02514027290002
204,-0.005,-0.01,0.0024,0.01,-0.01,0.0,-192.312298964241
205,-0.005,-0.01,0.0024,0.01,-0.01,0.01,-164.20231208102498
206,-0.005,-0.01,0.0024,0.01,-0.01,-0.01,-188.50617236002503
207,-0.005,-0.01,0.0024,-0.01,0.0,-0.01,-64.539018169924
208,-0.005,-0.01,0.0024,-0.01,0.0,0.0,-71.75697696060098
209,-0.005,-0.01,0.0024,-0.01,0.0,0.01,-64.528848010225
210,-0.005,-0.01,0.0024,-0.01,0.01,0.0,-192.16255727744098
211,-0.005,-0.01,0.0024,-0.01,0.01,0.01,-164.017379183329
212,-0.005,-0.01,0.0024,-0.01,0.01,-0.01,-188.40554668809997
213,-0.005,-0.01,0.0024,-0.01,-0.01,0.0,-192.329800363204
214,-0.005,-0.01,0.0024,-0.01,-0.01,0.01,-188.56691768908897
215,-0.005,-0.01,0.0024,-0.01,-0.01,-0.01,-164.191266473796
216,-0.005,-0.01,-0.0024,0.0,-0.01,0.0,139.51382369040903
217,-0.005,-0.01,-0.0024,0.0,-0.01,0.01,23.795615705625
218,-0.005,-0.01,-0.0024,0.0,-0.01,-0.01,23.686988157183997
219,-0.005,-0.01,-0.0024,0.0,0.0,-0.01,-11.843763941529
220,-0.005,-0.01,-0.0024,0.0,0.0,0.0,118.25011775836902
221,-0.005,-0.01,-0.0024,0.0,0.0,0.01,-11.898043017316
222,-0.005,-0.01,-0.0024,0.0,0.01,0.0,139.49849265870398
223,-0.005,-0.01,-0.0024,0.0,0.01,0.01,23.796386447716003
224,-0.005,-0.01,-0.0024,0.0,0.01,-0.01,23.666463902761
225,-0.005,-0.01,-0.0024,0.01,0.0,-0.01,-191.18576307603598
226,-0.005,-0.01,-0.0024,0.01,0.0,0.0,-74.19265788225601
227,-0.005,-0.01,-0.0024,0.01,0.0,0.01,-191.223153095716
228,-0.005,-0.01,-0.0024,0.01,0.01,0.0,-63.217892137023995
229,-0.005,-0.01,-0.0024,0.01,0.01,0.01,-187.444411989156
230,-0.005,-0.01,-0.0024,0.01,0.01,-0.01,-163.0284634276
231,-0.005,-0.01,-0.0024,0.01,-0.01,0.0,-63.304062268225
232,-0.005,-0.01,-0.0024,0.01,-0.01,0.01,-163.09642318824098
233,-0.005,-0.01,-0.0024,0.01,-0.01,-0.01,-187.413553668649
234,-0.005,-0.01,-0.0024,-0.01,0.0,-0.01,-191.097474087601
235,-0.005,-0.01,-0.0024,-0.01,0.0,0.0,-74.148838784784
236,-0.005,-0.01,-0.0024,-0.01,0.0,0.01,-191.15694870630398
237,-0.005,-0.01,-0.0024,-0.01,0.01,0.0,-63.265081984225006
238,-0.005,-0.01,-0.0024,-0.01,0.01,0.01,-163.001855459524
239,-0.005,-0.01,-0.0024,-0.01,0.01,-0.01,-187.39030892736398
240,-0.005,-0.01,-0.0024,-0.01,-0.01,0.0,-63.15709775673599
241,-0.005,-0.01,-0.0024,-0.01,-0.01,0.01,-187.407831331204
242,-0.005,-0.01,-0.0024,-0.01,-0.01,-0.01,-162.913339590001
243,0.0,-0.01,0.0,-0.01,0.0,-0.01,-979.964520228225
244,0.0,-0.01,0.0,-0.01,0.0,0.0,-925.546638148804
245,0.0,-0.01,0.0,-0.01,0.0,0.01,-979.999080573969
246,0.0,-0.01,0.0,-0.01,0.01,0.0,-980.027881327609
247,0.0,-0.01,0.0,-0.01,0.01,0.01,-988.3552633819239
248,0.0,-0.01,0.0,-0.01,0.01,-0.01,-1085.4949249224999
249,0.0,-0.01,0.0,-0.01,-0.01,0.0,-980.1122824950249
250,0.0,-0.01,0.0,-0.01,-0.01,0.01,-1085.6367986940088
251,0.0,-0.01,0.0,-0.01,-0.01,-0.01,-988.558992884164
252,0.0,-0.01,0.0,0.0,-0.01,0.0,-248.390680972225
253,0.0,-0.01,0.0,0.0,-0.01,0.01,-286.77891596430396
254,0.0,-0.01,0.0,0.0,-0.01,-0.01,-287.663241367044
255,0.0,-0.01,0.0,0.0,0.0,-0.01,-242.89955000522502
256,0.0,-0.01,0.0,0.0,0.0,0.0,-114.05400567444902
257,0.0,-0.01,0.0,0.0,0.0,0.01,-242.863050756096
258,0.0,-0.01,0.0,0.0,0.01,0.0,-248.24917260562498
259,0.0,-0.01,0.0,0.0,0.01,0.01,-287.476399406641
260,0.0,-0.01,0.0,0.0,0.01,-0.01,-286.667497462564
261,0.0,-0.01,0.0,0.01,0.0,-0.01,-979.9941970098811
262,0.0,-0.01,0.0,0.01,0.0,0.0,-926.7434317365211
263,0.0,-0.01,0.0,0.01,0.0,0.01,-980.011853029881
264,0.0,-0.01,0.0,0.01,0.01,0.0,-980.0459759305961
265,0.0,-0.01,0.0,0.01,0.01,0.01,-1086.2795311500247
266,0.0,-0.01,0.0,0.01,0.01,-0.01,-989.4763500192491
267,0.0,-0.01,0.0,0.01,-0.01,0.0,-980.0829169881761
268,0.0,-0.01,0.0,0.01,-0.01,0.01,-989.5208292225
269,0.0,-0.01,0.0,0.01,-0.01,-0.01,-1086.450659745201
270,0.0,-0.01,0.0024,0.0,-0.01,0.0,-3245.331034389249
271,0.0,-0.01,0.0024,0.0,-0.01,0.01,-3230.381139219364
272,0.0,-0.01,0.0024,0.0,-0.01,-0.01,-3230.3699992863358
273,0.0,-0.01,0.0024,0.0,0.0,-0.01,-3100.1503728520365
274,0.0,-0.01,0.0024,0.0,0.0,0.0,-3113.1452968514886
275,0.0,-0.01,0.0024,0.0,0.0,0.01,-3100.1892369116495
276,0.0,-0.01,0.0024,0.0,0.01,0.0,-3245.1661716496
277,0.0,-0.01,0.0024,0.0,0.01,0.01,-3230.251894443025
278,0.0,-0.01,0.0024,0.0,0.01,-0.01,-3230.232456797956
279,0.0,-0.01,0.0024,0.01,0.0,-0.01,-3294.293469316096
280,0.0,-0.01,0.0024,0.01,0.0,0.0,-3305.517605564161
281,0.0,-0.01,0.0024,0.01,0.0,0.01,-3294.3564903552247
282,0.0,-0.01,0.0024,0.01,0.01,0.0,-3431.9465648211244
283,0.0,-0.01,0.0024,0.01,0.01,0.01,-3432.0359627835614
284,0.0,-0.01,0.0024,0.01,0.01,-0.01,-3412.264091209744
285,0.0,-0.01,0.0024,0.01,-0.01,0.0,-3432.069004002769
286,0.0,-0.01,0.0024,0.01,-0.01,0.01,-3412.438519398561
287,0.0,-0.01,0.0024,0.01,-0.01,-0.01,-3432.115168242049
288,0.0,-0.01,0.0024,-0.01,0.0,-0.01,-3294.3219377618557
289,0.0,-0.01,0.0024,-0.01,0.0,0.0,-3305.5130060752813
290,0.0,-0.01,0.0024,-0.01,0.0,0.01,-3294.299897664064
291,0.0,-0.01,0.0024,-0.01,0.01,0.0,-3431.920671264409
292,0.0,-0.01,0.0024,-0.01,0.01,0.01,-3412.2568478046765
293,0.0,-0.01,0.0024,-0.01,0.01,-0.01,-3432.0051478891237
294,0.0,-0.01,0.0024,-0.01,-0.01,0.0,-3432.062442613249
295,0.0,-0.01,0.0024,-0.01,-0.01,0.01,-3432.113645051536
296,0.0,-0.01,0.0024,-0.01,-0.01,-0.01,-3412.4162044920995
297,0.0,-0.01,-0.0024,0.0,-0.01,0.0,-3096.587607354081
298,0.0,-0.01,-0.0024,0.0,-0.01,0.01,-3229.224166545169
299,0.0,-0.01,-0.0024,0.0,-0.01,-0.01,-3229.1400642235285
300,0.0,-0.01,-0.0024,0.0,0.0,-0.01,-3239.7533224065605
301,0.0,-0.01,-0.0024,0.0,0.0,0.0,-3113.4569786896004
302,0.0,-0.01,-0.0024,0.0,0.0,0.01,-3239.7456952876964
303,0.0,-0.01,-0.0024,0.0,0.01,0.0,-3096.5673518824806
304,0.0,-0.01,-0.0024,0.0,0.01,0.01,-3229.178592043044
305,0.0,-0.01,-0.0024,0.0,0.01,-0.01,-3229.204163731569
306,0.0,-0.01,-0.0024,0.01,0.0,-0.01,-3430.9617411457443
307,0.0,-0.01,-0.0024,0.01,0.0,0.0,-3308.5869828211244
308,0.0,-0.01,-0.0024,0.01,0.0,0.01,-3430.984585204449
309,0.0,-0.01,-0.0024,0.01,0.01,0.0,-3293.2553734196645
310,0.0,-0.01,-0.0024,0.01,0.01,0.01,-3431.088380193049
311,0.0,-0.01,-0.0024,0.01,0.01,-0.01,-3411.342020823025
312,0.0,-0.01,-0.0024,0.01,-0.01,0.0,-3293.2183015917612
313,0.0,-0.01,-0.0024,0.01,-0.01,0.01,-3411.347978308516
314,0.0,-0.01,-0.0024,0.01,-0.01,-0.01,-3431.0362482023043
315,0.0,-0.01,-0.0024,-0.01,0.0,-0.01,-3430.8328786493444
316,0.0,-0.01,-0.0024,-0.01,0.0,0.0,-3308.453997182244
317,0.0,-0.01,-0.0024,-0.01,0.0,0.01,-3430.8937951642242
318,0.0,-0.01,-0.0024,-0.01,0.01,0.0,-3293.1182201758093
319,0.0,-0.01,-0.0024,-0.01,0.01,0.01,-3411.2184333757687
320,0.0,-0.01,-0.0024,-0.01,0.01,-0.01,-3430.920036291136
321,0.0,-0.01,-0.0024,-0.01,-0.01,0.0,-3293.1311893561
322,0.0,-0.01,-0.0024,-0.01,-0.01,0.01,-3430.9550636660247
323,0.0,-0.01,-0.0024,-0.01,-0.01,-0.01,-3411.1752133412892
324,0.0,0.0,-0.0024,0.0,-0.01,0.0,4879.573632063025
325,0.0,0.0,-0.0024,0.0,-0.01,0.01,4585.675381288224
326,0.0,0.0,-0.0024,0.0,-0.01,-0.01,4585.846031265624
327,0.0,0.0,-0.0024,0.0,0.0,-0.01,4586.5520954317435
328,0.0,0.0,-0.0024,0.0,0.0,0.0,4865.638931073424
329,0.0,0.0,-0.0024,0.0,0.0,0.01,4586.414210224901
330,0.0,0.0,-0.0024,0.0,0.01,0.0,4879.510344594064
331,0.0,0.0,-0.0024,0.0,0.01,0.01,4585.66237951536
332,0.0,0.0,-0.0024,0.0,0.01,-0.01,4585.83844675476
333,0.0,0.0,-0.0024,0.01,0.0,-0.01,4403.318469825025
334,0.0,0.0,-0.0024,0.01,0.0,0.0,4666.545329021689
335,0.0,0.0,-0.0024,0.01,0.0,0.01,4403.1681050023835
336,0.0,0.0,-0.0024,0.01,0.01,0.0,4675.251119652865
337,0.0,0.0,-0.0024,0.01,0.01,0.01,4343.875272918723
338,0.0,0.0,-0.0024,0.01,0.01,-0.01,4455.153064906489
339,0.0,0.0,-0.0024,0.01,-0.01,0.0,4675.315119628177
340,0.0,0.0,-0.0024,0.01,-0.01,0.01,4455.015166810001
341,0.0,0.0,-0.0024,0.01,-0.01,-0.01,4344.069308478916
342,0.0,0.0,-0.0024,-0.01,0.0,-0.01,4403.401151664383
343,0.0,0.0,-0.0024,-0.01,0.0,0.0,4666.5812612644
344,0.0,0.0,-0.0024,-0.01,0.0,0.01,4403.232338204735
345,0.0,0.0,-0.0024,-0.01,0.01,0.0,4675.332760724025
346,0.0,0.0,-0.0024,-0.01,0.01,0.01,4455.078175162384
347,0.0,0.0,-0.0024,-0.01,0.01,-0.01,4344.129286380081
348,0.0,0.0,-0.0024,-0.01,-0.01,0.0,4675.3115640625
349,0.0,0.0,-0.0024,-0.01,-0.01,0.01,4343.922726867363
350,0.0,0.0,-0.0024,-0.01,-0.01,-0.01,4455.243040226449
351,0.0,0.0,0.0,-0.01,0.0,-0.01,6664.240244500805
352,0.0,0.0,0.0,-0.01,0.0,0.0,7028.997539339689
353,0.0,0.0,0.0,-0.01,0.0,0.01,6663.789301505296
354,0.0,0.0,0.0,-0.01,0.01,0.0,6665.148707491044
355,0.0,0.0,0.0,-0.01,0.01,0.01,6966.685835555624
356,0.0,0.0,0.0,-0.01,0.01,-0.01,6149.186680562499
357,0.0,0.0,0.0,-0.01,-0.01,0.0,6664.599769
358,0.0,0.0,0.0,-0.01,-0.01,0.01,6149.812305306121
359,0.0,0.0,0.0,-0.01,-0.01,-0.01,6967.204841006656
360,0.0,0.0,0.0,0.0,-0.01,0.0,7030.0417104783355
361,0.0,0.0,0.0,0.0,-0.01,0.01,6664.7098161302765
362,0.0,0.0,0.0,0.0,-0.01,-0.01,6664.3468599734015
363,0.0,0.0,0.0,0.0,0.0,-0.01,7028.3997791447055
364,0.0,0.0,0.0,0.0,0.0,0.0,7881.631472773809
365,0.0,0.0,0.0,0.0,0.0,0.01,7027.2090294025
366,0.0,0.0,0.0,0.0,0.01,0.0,7030.132599124995
367,0.0,0.0,0.0,0.0,0.01,0.01,6664.815455699042
368,0.0,0.0,0.0,0.0,0.01,-0.01,6665.240145010084
369,0.0,0.0,0.0,0.01,0.0,-0.01,6664.23714237884
370,0.0,0.0,0.0,0.01,0.0,0.0,7027.808918592783
371,0.0,0.0,0.0,0.01,0.0,0.01,6663.899831740368
372,0.0,0.0,0.0,0.01,0.01,0.0,6664.697733760001
373,0.0,0.0,0.0,0.01,0.01,0.01,6145.024083161616
374,0.0,0.0,0.0,0.01,0.01,-0.01,6966.342457885924
375,0.0,0.0,0.0,0.01,-0.01,0.0,6665.486539589761
376,0.0,0.0,0.0,0.01,-0.01,0.01,6969.15733602744
377,0.0,0.0,0.0,0.01,-0.01,-0.01,6145.457745420901
378,0.0,0.0,0.0024,0.0,-0.01,0.0,4582.423345572802
379,0.0,0.0,0.0024,0.0,-0.01,0.01,4585.131354105604
380,0.0,0.0,0.0024,0.0,-0.01,-0.01,4585.133927222689
381,0.0,0.0,0.0024,0.0,0.0,-0.01,4876.825545769983
382,0.0,0.0,0.0024,0.0,0.0,0.0,4864.9062612544
383,0.0,0.0,0.0024,0.0,0.0,0.01,4876.79914845089
384,0.0,0.0,0.0024,0.0,0.01,0.0,4582.585405481615
385,0.0,0.0,0.0024,0.0,0.01,0.01,4585.266240584837
386,0.0,0.0,0.0024,0.0,0.01,-0.01,4585.3149952221165
387,0.0,0.0,0.0024,0.01,0.0,-0.01,4674.726144936962
388,0.0,0.0,0.0024,0.01,0.0,0.0,4669.49605903152
389,0.0,0.0,0.0024,0.01,0.0,0.01,4674.679105140624
390,0.0,0.0,0.0024,0.01,0.01,0.0,4402.739718684736
391,0.0,0.0,0.0024,0.01,0.01,0.01,4343.49710057537
392,0.0,0.0,0.0024,0.01,0.01,-0.01,4454.616302239745
393,0.0,0.0,0.0024,0.01,-0.01,0.0,4402.643639856399
394,0.0,0.0,0.0024,0.01,-0.01,0.01,4454.481082126202
395,0.0,0.0,0.0024,0.01,-0.01,-0.01,4343.409842511601
396,0.0,0.0,0.0024,-0.01,0.0,-0.01,4674.7878166564005
397,0.0,0.0,0.0024,-0.01,0.0,0.0,4669.533642648195
398,0.0,0.0,0.0024,-0.01,0.0,0.01,4674.775509628901
399,0.0,0.0,0.0024,-0.01,0.01,0.0,4402.835665853689
400,0.0,0.0,0.0024,-0.01,0.01,0.01,4454.673033895569
401,0.0,0.0,0.0024,-0.01,0.01,-0.01,4343.644993132225
402,0.0,0.0,0.0024,-0.01,-0.01,0.0,4402.70959440889
403,0.0,0.0,0.0024,-0.01,-0.01,0.01,4343.467047850225
404,0.0,0.0,0.0024,-0.01,-0.01,-0.01,4454.541417007201
405,0.0,0.01,0.0,-0.01,0.0,-0.01,-7285.313680694401
406,0.0,0.01,0.0,-0.01,0.0,0.0,-7147.70366119265
407,0.0,0.01,0.0,-0.01,0.0,0.01,-7285.38093984025
408,0.0,0.01,0.0,-0.01,0.01,0.0,-7285.390158123008
409,0.0,0.01,0.0,-0.01,0.01,0.01,-7418.439430511769
410,0.0,0.01,0.0,-0.01,0.01,-0.01,-7425.120343663045
411,0.0,0.01,0.0,-0.01,-0.01,0.0,-7285.330751514202
412,0.0,0.01,0.0,-0.01,-0.01,0.01,-7425.1837642840355
413,0.0,0.01,0.0,-0.01,-0.01,-0.01,-7418.373282540442
414,0.0,0.01,0.0,0.0,-0.01,0.0,-7296.738698902501
415,0.0,0.01,0.0,0.0,-0.01,0.01,-7431.401678314084
416,0.0,0.01,0.0,0.0,-0.01,-0.01,-7431.350299878401
417,0.0,0.01,0.0,0.0,0.0,-0.01,-7298.4602034126765
418,0.0,0.01,0.0,0.0,0.0,0.0,-7160.411039500945
419,0.0,0.01,0.0,0.0,0.0,0.01,-7298.697874461889
420,0.0,0.01,0.0,0.0,0.01,0.0,-7296.761420892888
421,0.0,0.01,0.0,0.0,0.01,0.01,-7431.4258158955245
422,0.0,0.01,0.0,0.0,0.01,-0.01,-7431.361161747649
423,0.0,0.01,0.0,0.01,0.0,-0.01,-7285.128122173445
424,0.0,0.01,0.0,0.01,0.0,0.0,-7147.817796173825
425,0.0,0.01,0.0,0.01,0.0,0.01,-7285.380257004721
426,0.0,0.01,0.0,0.01,0.01,0.0,-7285.34987085612
427,0.0,0.01,0.0,0.01,0.01,0.01,-7425.201859891322
428,0.0,0.01,0.0,0.01,0.01,-0.01,-7418.388785944762
429,0.0,0.01,0.0,0.01,-0.01,0.0,-7285.364210379024
430,0.0,0.01,0.0,0.01,-0.01,0.01,-7418.422548970224
431,0.0,0.01,0.0,0.01,-0.01,-0.01,-7425.11913729516
432,0.0,0.01,0.0024,0.0,-0.01,0.0,-7350.781040996415
433,0.0,0.01,0.0024,0.0,-0.01,0.01,-7482.632334884101
434,0.0,0.01,0.0024,0.0,-0.01,-0.01,-7482.584066728761
435,0.0,0.01,0.0024,0.0,0.0,-0.01,-7344.761500109055
436,0.0,0.01,0.0024,0.0,0.0,0.0,-7211.173381402384
437,0.0,0.01,0.0024,0.0,0.0,0.01,-7344.817034840465
438,0.0,0.01,0.0024,0.0,0.01,0.0,-7350.80453286989
439,0.0,0.01,0.0024,0.0,0.01,0.01,-7482.659323597955
440,0.0,0.01,0.0024,0.0,0.01,-0.01,-7482.612958401604
441,0.0,0.01,0.0024,0.01,0.0,-0.01,-7331.682581310026
442,0.0,0.01,0.0024,0.01,0.0,0.0,-7197.729391761489
443,0.0,0.01,0.0024,0.01,0.0,0.01,-7331.942541858169
444,0.0,0.01,0.0024,0.01,0.01,0.0,-7339.116907473315
445,0.0,0.01,0.0024,0.01,0.01,0.01,-7476.127399018404
446,0.0,0.01,0.0024,0.01,0.01,-0.01,-7469.119356820488
447,0.0,0.01,0.0024,0.01,-0.01,0.0,-7339.125817015205
448,0.0,0.01,0.0024,0.01,-0.01,0.01,-7469.349419458405
449,0.0,0.01,0.0024,0.01,-0.01,-0.01,-7476.104572380901
450,0.0,0.01,0.0024,-0.01,0.0,-0.01,-7331.6880613267285
451,0.0,0.01,0.0024,-0.01,0.0,0.0,-7197.734142770521
452,0.0,0.01,0.0024,-0.01,0.0,0.01,-7331.941343083536
453,0.0,0.01,0.0024,-0.01,0.01,0.0,-7339.152374335608
454,0.0,0.01,0.0024,-0.01,0.01,0.01,-7469.37448284485
455,0.0,0.01,0.0024,-0.01,0.01,-0.01,-7475.907780542223
456,0.0,0.01,0.0024,-0.01,-0.01,0.0,-7339.094633642256
457,0.0,0.01,0.0024,-0.01,-0.01,0.01,-7476.11304590136
458,0.0,0.01,0.0024,-0.01,-0.01,-0.01,-7469.093256775057
459,0.0,0.01,-0.0024,0.0,-0.01,0.0,-7343.955755915689
460,0.0,0.01,-0.0024,0.0,-0.01,0.01,-7482.595311984017
461,0.0,0.01,-0.0024,0.0,-0.01,-0.01,-7482.379404559504
462,0.0,0.01,-0.0024,0.0,0.0,-0.01,-7352.3981240078765
463,0.0,0.01,-0.0024,0.0,0.0,0.0,-7212.18106104272
464,0.0,0.01,-0.0024,0.0,0.0,0.01,-7352.604945118224
465,0.0,0.01,-0.0024,0.0,0.01,0.0,-7343.99586211169
466,0.0,0.01,-0.0024,0.0,0.01,0.01,-7482.624895695889
467,0.0,0.01,-0.0024,0.0,0.01,-0.01,-7482.395320705599
468,0.0,0.01,-0.0024,0.01,0.0,-0.01,-7338.837973012323
469,0.0,0.01,-0.0024,0.01,0.0,0.0,-7198.742749614025
470,0.0,0.01,-0.0024,0.01,0.0,0.01,-7339.1006304396
471,0.0,0.01,-0.0024,0.01,0.01,0.0,-7331.844585168482
472,0.0,0.01,-0.0024,0.01,0.01,0.01,-7476.084166779905
473,0.0,0.01,-0.0024,0.01,0.01,-0.01,-7469.067675317823
474,0.0,0.01,-0.0024,0.01,-0.01,0.0,-7331.8678755109295
475,0.0,0.01,-0.0024,0.01,-0.01,0.01,-7469.3030955169
476,0.0,0.01,-0.0024,0.01,-0.01,-0.01,-7475.8268510824955
477,0.0,0.01,-0.0024,-0.01,0.0,-0.01,-7338.852536412609
478,0.0,0.01,-0.0024,-0.01,0.0,0.0,-7197.514410243556
479,0.0,0.01,-0.0024,-0.01,0.0,0.01,-7339.089836206143
480,0.0,0.01,-0.0024,-0.01,0.01,0.0,-7331.884487027776
481,0.0,0.01,-0.0024,-0.01,0.01,0.01,-7469.329887331225
482,0.0,0.01,-0.0024,-0.01,0.01,-0.01,-7475.852617038169
483,0.0,0.01,-0.0024,-0.01,-0.01,0.0,-7331.835508795044
484,0.0,0.01,-0.0024,-0.01,-0.01,0.01,-7476.056844069637
485,0.0,0.01,-0.0024,-0.01,-0.01,-0.01,-7469.027747590369
486,0.005,0.0,-0.0024,0.0,-0.01,0.0,1354.8894506453287
487,0.005,0.0,-0.0024,0.0,-0.01,0.01,1056.9565381134241
488,0.005,0.0,-0.0024,0.0,-0.01,-0.01,1057.1982377222248
489,0.005,0.0,-0.0024,0.0,0.0,-0.01,1062.657247283776
490,0.005,0.0,-0.0024,0.0,0.0,0.0,1336.1302162032248
491,0.005,0.0,-0.0024,0.0,0.0,0.01,1062.4747691406249
492,0.005,0.0,-0.0024,0.0,0.01,0.0,1354.804055521569
493,0.005,0.0,-0.0024,0.0,0.01,0.01,1056.964795890025
494,0.005,0.0,-0.0024,0.0,0.01,-0.01,1057.164487852356
495,0.005,0.0,-0.0024,0.01,0.0,-0.01,868.736423692225
496,0.005,0.0,-0.0024,0.01,0.0,0.0,1137.4361284546092
497,0.005,0.0,-0.0024,0.01,0.0,0.01,868.554222907536
498,0.005,0.0,-0.0024,0.01,0.01,0.0,1140.8985642960997
499,0.005,0.0,-0.0024,0.01,0.01,0.01,815.940315079561
500,0.005,0.0,-0.0024,0.01,0.01,-0.01,923.5988404113609
501,0.005,0.0,-0.0024,0.01,-0.01,0.0,1140.946798633216
502,0.005,0.0,-0.0024,0.01,-0.01,0.01,923.442820792804
503,0.005,0.0,-0.0024,0.01,-0.01,-0.01,816.1738765250491
504,0.005,0.0,-0.0024,-0.01,0.0,-0.01,868.8218424146561
505,0.005,0.0,-0.0024,-0.01,0.0,0.0,1137.475115925625
506,0.005,0.0,-0.0024,-0.01,0.0,0.01,868.6063877926409
507,0.005,0.0,-0.0024,-0.01,0.01,0.0,1140.983819516304
508,0.005,0.0,-0.0024,-0.01,0.01,0.01,923.476369672516
509,0.005,0.0,-0.0024,-0.01,0.01,-0.01,816.253128180736
510,0.005,0.0,-0.0024,-0.01,-0.01,0.0,1140.9501088702089
511,0.005,0.0,-0.0024,-0.01,-0.01,0.01,816.0004733812841
512,0.005,0.0,-0.0024,-0.01,-0.01,-0.01,923.6756698730891
513,0.005,0.0,0.0,-0.01,0.0,-0.01,3248.717970120676
514,0.005,0.0,0.0,-0.01,0.0,0.0,3620.371016691361
515,0.005,0.0,0.0,-0.01,0.0,0.01,3248.2995077610253
516,0.005,0.0,0.0,-0.01,0.01,0.0,3249.864291471561
517,0.005,0.0,0.0,-0.01,0.01,0.01,3554.310335733369
518,0.005,0.0,0.0,-0.01,0.01,-0.01,2732.6945485827614
519,0.005,0.0,0.0,-0.01,-0.01,0.0,3249.252172892944
520,0.005,0.0,0.0,-0.01,-0.01,0.01,2733.151870998025
521,0.005,0.0,0.0,-0.01,-0.01,-0.01,3554.706329764164
522,0.005,0.0,0.0,0.0,-0.01,0.0,3621.4251430452837
523,0.005,0.0,0.0,0.0,-0.01,0.01,3249.151165758276
524,0.005,0.0,0.0,0.0,-0.01,-0.01,3248.6909533495214
525,0.005,0.0,0.0,0.0,0.0,-0.01,3619.7071366560044
526,0.005,0.0,0.0,0.0,0.0,0.0,4478.951743350841
527,0.005,0.0,0.0,0.0,0.0,0.01,3618.332158825476
528,0.005,0.0,0.0,0.0,0.01,0.0,3621.363881817361
529,0.005,0.0,0.0,0.0,0.01,0.01,3249.1901547822245
530,0.005,0.0,0.0,0.0,0.01,-0.01,3249.6480083078563
531,0.005,0.0,0.0,0.01,0.0,-0.01,3248.7024668121003
532,0.005,0.0,0.0,0.01,0.0,0.0,3619.0481301756245
533,0.005,0.0,0.0,0.01,0.0,0.01,3248.360149505769
534,0.005,0.0,0.0,0.01,0.01,0.0,3248.8415419321
535,0.005,0.0,0.0,0.01,0.01,0.01,2728.528133149225
536,0.005,0.0,0.0,0.01,0.01,-0.01,3557.0226390084
537,0.005,0.0,0.0,0.01,-0.01,0.0,3249.715731413284
538,0.005,0.0,0.0,0.01,-0.01,0.01,3556.9898366550246
539,0.005,0.0,0.0,0.01,-0.01,-0.01,2728.9795694124955
540,0.005,0.0,0.0024,0.0,-0.01,0.0,1057.931178429316
541,0.005,0.0,0.0024,0.0,-0.01,0.01,1056.3289114737959
542,0.005,0.0,0.0024,0.0,-0.01,-0.01,1056.3120759120247
543,0.005,0.0,0.0024,0.0,0.0,-0.01,1351.8654546047287
544,0.005,0.0,0.0024,0.0,0.0,0.0,1335.4716102510251
545,0.005,0.0,0.0024,0.0,0.0,0.01,1351.8380995572008
546,0.005,0.0,0.0024,0.0,0.01,0.0,1058.0597245089
547,0.005,0.0,0.0024,0.0,0.01,0.01,1056.432917918596
548,0.005,0.0,0.0024,0.0,0.01,-0.01,1056.495649280841
549,0.005,0.0,0.0024,0.01,0.0,-0.01,1140.184761290884
550,0.005,0.0,0.0024,0.01,0.0,0.0,1140.7973025274812
551,0.005,0.0,0.0024,0.01,0.0,0.01,1140.1425534040088
552,0.005,0.0,0.0024,0.01,0.01,0.0,867.9698475235841
553,0.005,0.0,0.0024,0.01,0.01,0.01,815.4538741594089
554,0.005,0.0,0.0024,0.01,0.01,-0.01,922.895914156804
555,0.005,0.0,0.0024,0.01,-0.01,0.0,867.904798130176
556,0.005,0.0,0.0024,0.01,-0.01,0.01,922.7773175625
557,0.005,0.0,0.0024,0.01,-0.01,-0.01,815.339710655716
558,0.005,0.0,0.0024,-0.01,0.0,-0.01,1140.2693820156248
559,0.005,0.0,0.0024,-0.01,0.0,0.0,1140.8565458586238
560,0.005,0.0,0.0024,-0.01,0.0,0.01,1140.2793773285289
561,0.005,0.0,0.0024,-0.01,0.01,0.0,868.095828733156
562,0.005,0.0,0.0024,-0.01,0.01,0.01,922.980977882404
563,0.005,0.0,0.0024,-0.01,0.01,-0.01,815.6408134494759
564,0.005,0.0,0.0024,-0.01,-0.01,0.0,867.977919946225
565,0.005,0.0,0.0024,-0.01,-0.01,0.01,815.427317153344
566,0.005,0.0,0.0024,-0.01,-0.01,-0.01,922.855753288681
567,0.005,0.01,0.0,-0.01,0.0,-0.01,-11209.43452489669
568,0.005,0.01,0.0,-0.01,0.0,0.0,-11064.537012738609
569,0.005,0.01,0.0,-0.01,0.0,0.01,-11209.511601750362
570,0.005,0.01,0.0,-0.01,0.01,0.0,-11209.518801250226
571,0.005,0.01,0.0,-0.01,0.01,0.01,-11343.750208603848
572,0.005,0.01,0.0,-0.01,0.01,-0.01,-11356.0800433081
573,0.005,0.01,0.0,-0.01,-0.01,0.0,-11209.472639791209
574,0.005,0.01,0.0,-0.01,-0.01,0.01,-11356.08792911281
575,0.005,0.01,0.0,-0.01,-0.01,-0.01,-11343.665429156026
576,0.005,0.01,0.0,0.0,-0.01,0.0,-11213.26539578785
577,0.005,0.01,0.0,0.0,-0.01,0.01,-11359.788165442249
578,0.005,0.01,0.0,0.0,-0.01,-0.01,-11359.769620128402
579,0.005,0.01,0.0,0.0,0.0,-0.01,-11215.2823189729
580,0.005,0.01,0.0,0.0,0.0,0.0,-11077.361262913935
581,0.005,0.01,0.0,0.0,0.0,0.01,-11215.367464527424
582,0.005,0.01,0.0,0.0,0.01,0.0,-11213.300975765625
583,0.005,0.01,0.0,0.0,0.01,0.01,-11359.817369013135
584,0.005,0.01,0.0,0.0,0.01,-0.01,-11359.784754808681
585,0.005,0.01,0.0,0.01,0.0,-0.01,-11209.445324110224
586,0.005,0.01,0.0,0.01,0.0,0.0,-11064.637783170723
587,0.005,0.01,0.0,0.01,0.0,0.01,-11209.505461002302
588,0.005,0.01,0.0,0.01,0.01,0.0,-11209.499743755627
589,0.005,0.01,0.0,0.01,0.01,0.01,-11356.11904609865
590,0.005,0.01,0.0,0.01,0.01,-0.01,-11343.693333914176
591,0.005,0.01,0.0,0.01,-0.01,0.0,-11209.484921271025
592,0.005,0.01,0.0,0.01,-0.01,0.01,-11343.731037344209
593,0.005,0.01,0.0,0.01,-0.01,-0.01,-11356.073010025128
594,0.005,0.01,0.0024,0.0,-0.01,0.0,-11260.288171395025
595,0.005,0.01,0.0024,0.0,-0.01,0.01,-11404.380687777026
596,0.005,0.01,0.0024,0.0,-0.01,-0.01,-11404.309564885443
597,0.005,0.01,0.0024,0.0,0.0,-0.01,-11255.90691751188
598,0.005,0.01,0.0024,0.0,0.0,0.0,-11121.520954138885
599,0.005,0.01,0.0024,0.0,0.0,0.01,-11255.96717890445
600,0.005,0.01,0.0024,0.0,0.01,0.0,-11260.315761183227
601,0.005,0.01,0.0024,0.0,0.01,0.01,-11404.406531285056
602,0.005,0.01,0.0024,0.0,0.01,-0.01,-11404.34566025916
603,0.005,0.01,0.0024,0.01,0.0,-0.01,-11249.970051647377
604,0.005,0.01,0.0024,0.01,0.0,0.0,-11108.07630362988
605,0.005,0.01,0.0024,0.01,0.0,0.01,-11250.01141737704
606,0.005,0.01,0.0024,0.01,0.01,0.0,-11255.868087192977
607,0.005,0.01,0.0024,0.01,0.01,0.01,-11400.245890100356
608,0.005,0.01,0.0024,0.01,0.01,-0.01,-11387.94417220472
609,0.005,0.01,0.0024,0.01,-0.01,0.0,-11255.879545312899
610,0.005,0.01,0.0024,0.01,-0.01,0.01,-11387.983656534016
611,0.005,0.01,0.0024,0.01,-0.01,-0.01,-11400.196347976806
612,0.005,0.01,0.0024,-0.01,0.0,-0.01,-11249.96389982741
613,0.005,0.01,0.0024,-0.01,0.0,0.0,-11108.078200737424
614,0.005,0.01,0.0024,-0.01,0.0,0.01,-11250.015872152464
615,0.005,0.01,0.0024,-0.01,0.01,0.0,-11255.90988814013
616,0.005,0.01,0.0024,-0.01,0.01,0.01,-11388.015884334609
617,0.005,0.01,0.0024,-0.01,0.01,-0.01,-11400.218770045249
618,0.005,0.01,0.0024,-0.01,-0.01,0.0,-11255.840078479934
619,0.005,0.01,0.0024,-0.01,-0.01,0.01,-11400.215566891266
620,0.005,0.01,0.0024,-0.01,-0.01,-0.01,-11387.910663935714
621,0.005,0.01,-0.0024,0.0,-0.01,0.0,-11254.931087347599
622,0.005,0.01,-0.0024,0.0,-0.01,0.01,-11404.3454466769
623,0.005,0.01,-0.0024,0.0,-0.01,-0.01,-11404.257023792657
624,0.005,0.01,-0.0024,0.0,0.0,-0.01,-11262.150133465284
625,0.005,0.01,-0.0024,0.0,0.0,0.0,-11122.47368773332
626,0.005,0.01,-0.0024,0.0,0.0,0.01,-11262.238852700415
627,0.005,0.01,-0.0024,0.0,0.01,0.0,-11254.959094929665
628,0.005,0.01,-0.0024,0.0,0.01,0.01,-11404.37812478609
629,0.005,0.01,-0.0024,0.0,0.01,-0.01,-11404.282226415557
630,0.005,0.01,-0.0024,0.01,0.0,-0.01,-11255.759659717225
631,0.005,0.01,-0.0024,0.01,0.0,0.0,-11108.991782236804
632,0.005,0.01,-0.0024,0.01,0.0,0.01,-11255.849839088101
633,0.005,0.01,-0.0024,0.01,0.01,0.0,-11249.939504695823
634,0.005,0.01,-0.0024,0.01,0.01,0.01,-11400.210868932902
635,0.005,0.01,-0.0024,0.01,0.01,-0.01,-11387.864563467843
636,0.005,0.01,-0.0024,0.01,-0.01,0.0,-11249.940777484644
637,0.005,0.01,-0.0024,0.01,-0.01,0.01,-11387.945452776488
638,0.005,0.01,-0.0024,0.01,-0.01,-0.01,-11400.119899566336
639,0.005,0.01,-0.0024,-0.01,0.0,-0.01,-11255.75838659928
640,0.005,0.01,-0.0024,-0.01,0.0,0.0,-11107.888490785024
641,0.005,0.01,-0.0024,-0.01,0.0,0.01,-11255.843897847844
642,0.005,0.01,-0.0024,-0.01,0.01,0.0,-11249.971324437924
643,0.005,0.01,-0.0024,-0.01,0.01,0.01,-11387.986431111083
644,0.005,0.01,-0.0024,-0.01,0.01,-0.01,-11400.137837159184
645,0.005,0.01,-0.0024,-0.01,-0.01,0.0,-11249.917443034385
646,0.005,0.01,-0.0024,-0.01,-0.01,0.01,-11400.18460309261
647,0.005,0.01,-0.0024,-0.01,-0.01,-0.01,-11387.838311854224
648,0.005,-0.01,0.0,-0.01,0.0,-0.01,-4576.5614664829445
649,0.005,-0.01,0.0,-0.01,0.0,0.0,-4511.664485655625
650,0.005,-0.01,0.0,-0.01,0.0,0.01,-4576.6185635041
651,0.005,-0.01,0.0,-0.01,0.01,0.0,-4576.650494694916
652,0.005,-0.01,0.0,-0.01,0.01,0.01,-4580.758505052601
653,0.005,-0.01,0.0,-0.01,0.01,-0.01,-4684.5180308445215
654,0.005,-0.01,0.0,-0.01,-0.01,0.0,-4576.745206509316
655,0.005,-0.01,0.0,-0.01,-0.01,0.01,-4684.654508255296
656,0.005,-0.01,0.0,-0.01,-0.01,-0.01,-4580.955865852082
657,0.005,-0.01,0.0,0.0,-0.01,0.0,-3860.6332103920363
658,0.005,-0.01,0.0,0.0,-0.01,0.01,-3904.5399371971234
659,0.005,-0.01,0.0,0.0,-0.01,-0.01,-3905.5177843161637
660,0.005,-0.01,0.0,0.0,0.0,-0.01,-3854.6792188399695
661,0.005,-0.01,0.0,0.0,0.0,0.0,-3725.955702928449
662,0.005,-0.01,0.0,0.0,0.0,0.01,-3854.7160980496
663,0.005,-0.01,0.0,0.0,0.01,0.0,-3860.4960197521004
664,0.005,-0.01,0.0,0.0,0.01,0.01,-3905.316055830784
665,0.005,-0.01,0.0,0.0,0.01,-0.01,-3904.431086789809
666,0.005,-0.01,0.0,0.01,0.0,-0.01,-4576.685402649617
667,0.005,-0.01,0.0,0.01,0.0,0.0,-4512.95341503336
668,0.005,-0.01,0.0,0.01,0.0,0.01,-4576.702856676889
669,0.005,-0.01,0.0,0.01,0.01,0.0,-4576.764284293369
670,0.005,-0.01,0.0,0.01,0.01,0.01,-4685.349656748996
671,0.005,-0.01,0.0,0.01,0.01,-0.01,-4582.18912871316
672,0.005,-0.01,0.0,0.01,-0.01,0.0,-4576.790803832289
673,0.005,-0.01,0.0,0.01,-0.01,0.01,-4582.0798746878445
674,0.005,-0.01,0.0,0.01,-0.01,-0.01,-4685.57787054096
675,0.005,-0.01,0.0024,0.0,-0.01,0.0,-6977.39454864
676,0.005,-0.01,0.0024,0.0,-0.01,0.01,-6969.785798769049
677,0.005,-0.01,0.0024,0.0,-0.01,-0.01,-6969.7837951233605
678,0.005,-0.01,0.0024,0.0,0.0,-0.01,-6829.871234011224
679,0.005,-0.01,0.0024,0.0,0.0,0.0,-6845.4952300500645
680,0.005,-0.01,0.0024,0.0,0.0,0.01,-6829.898175667204
681,0.005,-0.01,0.0024,0.0,0.01,0.0,-6977.256723500624
682,0.005,-0.01,0.0024,0.0,0.01,0.01,-6969.69897438673
683,0.005,-0.01,0.0024,0.0,0.01,-0.01,-6969.666415382783
684,0.005,-0.01,0.0024,0.01,0.0,-0.01,-7023.68549081976
685,0.005,-0.01,0.0024,0.01,0.0,0.0,-7027.011530961983
686,0.005,-0.01,0.0024,0.01,0.0,0.01,-7023.711806377743
687,0.005,-0.01,0.0024,0.01,0.01,0.0,-7167.944637601225
688,0.005,-0.01,0.0024,0.01,0.01,0.01,-7167.746187226849
689,0.005,-0.01,0.0024,0.01,0.01,-0.01,-7145.413207058116
690,0.005,-0.01,0.0024,0.01,-0.01,0.0,-7168.0589340721
691,0.005,-0.01,0.0024,0.01,-0.01,0.01,-7145.555219080996
692,0.005,-0.01,0.0024,0.01,-0.01,-0.01,-7167.622411123343
693,0.005,-0.01,0.0024,-0.01,0.0,-0.01,-7023.667053197041
694,0.005,-0.01,0.0024,-0.01,0.0,0.0,-7026.999124531203
695,0.005,-0.01,0.0024,-0.01,0.0,0.01,-7023.667891270276
696,0.005,-0.01,0.0024,-0.01,0.01,0.0,-7167.923641015281
697,0.005,-0.01,0.0024,-0.01,0.01,0.01,-7145.391398193889
698,0.005,-0.01,0.0024,-0.01,0.01,-0.01,-7167.695220466565
699,0.005,-0.01,0.0024,-0.01,-0.01,0.0,-7168.0389532899835
700,0.005,-0.01,0.0024,-0.01,-0.01,0.01,-7167.818997198728
701,0.005,-0.01,0.0024,-0.01,-0.01,-0.01,-7145.519546880626
702,0.005,-0.01,-0.0024,0.0,-0.01,0.0,-6826.081419730609
703,0.005,-0.01,-0.0024,0.0,-0.01,0.01,-6968.522390360977
704,0.005,-0.01,-0.0024,0.0,-0.01,-0.01,-6968.475309031237
705,0.005,-0.01,-0.0024,0.0,0.0,-0.01,-6971.300136353343
706,0.005,-0.01,-0.0024,0.0,0.0,0.0,-6845.800369379904
707,0.005,-0.01,-0.0024,0.0,0.0,0.01,-6971.326186603023
708,0.005,-0.01,-0.0024,0.0,0.01,0.0,-6826.111493481224
709,0.005,-0.01,-0.0024,0.0,0.01,0.01,-6968.547934553241
710,0.005,-0.01,-0.0024,0.0,0.01,-0.01,-6968.497013170577
711,0.005,-0.01,-0.0024,0.01,0.0,-0.01,-7166.822210011397
712,0.005,-0.01,-0.0024,0.01,0.0,0.0,-7030.574641584484
713,0.005,-0.01,-0.0024,0.01,0.0,0.01,-7166.862168211683
714,0.005,-0.01,-0.0024,0.01,0.01,0.0,-7022.492291297345
715,0.005,-0.01,-0.0024,0.01,0.01,0.01,-7166.690822816101
716,0.005,-0.01,-0.0024,0.01,0.01,-0.01,-7144.278514059555
717,0.005,-0.01,-0.0024,0.01,-0.01,0.0,-7022.4634640196
718,0.005,-0.01,-0.0024,0.01,-0.01,0.01,-7144.294573597041
719,0.005,-0.01,-0.0024,0.01,-0.01,-0.01,-7166.621912745408
720,0.005,-0.01,-0.0024,-0.01,0.0,-0.01,-7166.68912969
721,0.005,-0.01,-0.0024,-0.01,0.0,0.0,-7030.53187890329
722,0.005,-0.01,-0.0024,-0.01,0.0,0.01,-7166.815268132024
723,0.005,-0.01,-0.0024,-0.01,0.01,0.0,-7022.344971121488
724,0.005,-0.01,-0.0024,-0.01,0.01,0.01,-7144.1980475961645
725,0.005,-0.01,-0.0024,-0.01,0.01,-0.01,-7166.562992358026
726,0.005,-0.01,-0.0024,-0.01,-0.01,0.0,-7022.370613771397
727,0.005,-0.01,-0.0024,-0.01,-0.01,0.01,-7166.570611360001
728,0.005,-0.01,-0.0024,-0.01,-0.01,-0.01,-7144.136007586082
