,average bond length,distortion index,bond angle variance,frequency
0,1.988859404502503,0.0011290205977102835,0.24053545958177633,7909.790146874
1,1.9888927146496327,0.0011401670797441536,0.4802324367629105,7619.874234355882
2,1.9888927146496327,0.0011401670797441536,0.48023243676291894,7619.800560177962
3,1.988859347761996,0.0011457930066762487,0.23971810949592162,7620.930328243599
4,1.9888260371957402,0.001134646291607994,0.0,7888.340652301562
5,1.988859347761996,0.0011457930066762487,0.2397181094959132,7620.897678849009
6,1.988859404502503,0.0011290205977102835,0.24053545958176795,7909.740520105284
7,1.9888927146496327,0.0011401670797441536,0.48023243676291894,7619.904262795969
8,1.9888927146496327,0.0011401670797441536,0.48023243676291894,7619.784498556129
9,1.9888926863297958,0.0011457355150273894,0.47982439608771527,7443.964032128099
10,1.9888593761805329,0.0011401863647780412,0.2401273061742687,7703.221472928005
11,1.9888926863297958,0.0011457355150273894,0.47982439608771527,7443.8881073208995
12,1.9888927430660222,0.0011289828270952835,0.48064152011441935,7712.611822461529
13,1.9889260527961585,0.0011345322126106014,0.7254259276799606,7388.1554411844
14,1.9889260527961585,0.0011345322126106014,0.7152090368554623,7503.054370549928
15,1.9888927430660222,0.0011289828270952462,0.48064152011441935,7712.632372700837
16,1.9889260527961585,0.001134532212610564,0.7152090368554539,7502.996681625599
17,1.9889260527961585,0.001134532212610564,0.7254259276799606,7388.190854431397
18,1.9888926863297958,0.0011457355150274267,0.47982439608771527,7444.238917680008
19,1.9888593761805329,0.0011401863647780412,0.24012730617427708,7703.51093450461
20,1.9888926863297958,0.0011457355150273894,0.47982439608771527,7444.1436648614
21,1.9888927430660222,0.0011289828270952462,0.48064152011442773,7712.891448578762
22,1.9889260527961585,0.001134532212610564,0.7152090368554456,7503.231423228025
23,1.9889260527961585,0.0011345322126106014,0.7254259276799522,7388.462129594896
24,1.9888927430660222,0.001128982827095209,0.48064152011442773,7712.88126110612
25,1.9889260527961585,0.001134532212610527,0.7254259276799522,7388.3373217718445
26,1.9889260527961585,0.001134532212610564,0.7152090368554623,7503.329132254081
27,1.9888927145530655,1.1174743859390705e-05,0.48023069803393265,9595.0059027182
28,1.9888593760839661,1.1175212159886126e-05,0.2401259151393589,9952.20943529912
29,1.9888927145530655,1.1174743859353491e-05,0.48023069803392426,9594.519077011457
30,1.9888927145530655,1.1174743859353491e-05,0.4802306980339242,9595.684540729226
31,1.9889260526030388,1.116404527128733e-16,0.7152059374172042,9897.001392538275
32,1.9889260526030388,1.4885393695049773e-16,0.7254227690591898,9094.850574689477
33,1.9888927145530655,1.1174743859390705e-05,0.4802306980339326,9595.211999253408
34,1.9889260526030388,1.4885393695049773e-16,0.7254227690591898,9094.9980125546
35,1.9889260526030392,3.721348423762443e-17,0.7152059374172042,9897.277760113968
36,1.9888593760839661,1.1175212159886126e-05,0.2401259151393589,9953.306035790049
37,1.9888927145530655,1.1174743859353491e-05,0.48023069803392426,9595.527221524644
38,1.9888927145530655,1.1174743859353491e-05,0.48023069803393265,9595.226888442441
39,1.9888593760839661,1.1175212159886126e-05,0.2401259151393589,9951.674525286402
40,1.98882603719574,0.0,0.0,10773.009683472099
41,1.9888593760839661,1.1175212159886126e-05,0.2401259151393589,9950.64524803224
42,1.9888593760839661,1.1175212159886126e-05,0.2401259151393589,9953.456084806081
43,1.9888927145530655,1.1174743859353491e-05,0.4802306980339159,9595.679642851599
44,1.9888927145530655,1.1174743859353491e-05,0.48023069803392426,9596.065795359122
45,1.9888927145530655,1.1174743859353491e-05,0.48023069803392426,9595.017069488966
46,1.9888593760839661,1.1175212159886126e-05,0.2401259151393589,9951.15559051944
47,1.9888927145530655,1.1174743859353491e-05,0.4802306980339159,9594.67051080732
48,1.9888927145530655,1.1174743859353491e-05,0.48023069803391577,9595.789747442403
49,1.9889260526030388,1.116404527128733e-16,0.725422769059215,9093.508239372544
50,1.9889260526030388,1.116404527128733e-16,0.7152059374172042,9896.635892894568
51,1.9888927145530655,1.1174743859353491e-05,0.4802306980339242,9596.5005445929
52,1.9889260526030388,1.116404527128733e-16,0.7152059374172042,9896.628730203602
53,1.9889260526030388,1.116404527128733e-16,0.7254227690592067,9093.889873648322
54,1.988859347761996,0.0011457930066762487,0.23971810949592162,7617.4126272840995
55,1.9888927146496327,0.0011401670797441536,0.48023243676291894,7619.292706873601
56,1.9888927146496327,0.0011401670797441536,0.48023243676291894,7619.304927276899
57,1.988859404502503,0.0011290205977102835,0.24053545958177633,7907.290681010705
58,1.9888260371957402,0.001134646291607994,0.0,7888.712441843775
59,1.988859404502503,0.0011290205977102835,0.24053545958176795,7907.285701326401
60,1.988859347761996,0.0011457930066762487,0.2397181094959132,7617.475118309904
61,1.9888927146496327,0.0011401670797441536,0.48023243676291894,7619.43778115088
62,1.9888927146496327,0.0011401670797441536,0.4802324367629105,7619.49120235181
63,1.9888927430660222,0.0011289828270952462,0.48064152011441924,7712.182908331225
64,1.9888593761805329,0.0011401863647780412,0.2401273061742687,7705.808564080226
65,1.9888927430660222,0.0011289828270952835,0.48064152011441924,7712.173950792256
66,1.9888926863297958,0.0011457355150273894,0.47982439608771527,7443.6147812209965
67,1.9889260527961585,0.0011345322126106014,0.7254259276799606,7387.8423986484795
68,1.9889260527961585,0.001134532212610564,0.7152090368554539,7502.758998667023
69,1.9888926863297958,0.0011457355150273894,0.47982439608771527,7443.513147985209
70,1.9889260527961585,0.0011345322126106014,0.7152090368554623,7502.613480346384
71,1.9889260527961585,0.001134532212610564,0.7254259276799606,7387.75335206568
72,1.9888927430660222,0.001128982827095209,0.4806415201144276,7712.212942470435
73,1.9888593761805329,0.0011401863647780412,0.24012730617427708,7705.803648247849
74,1.9888927430660222,0.0011289828270952462,0.4806415201144276,7712.200647786496
75,1.9888926863297958,0.0011457355150273894,0.47982439608771527,7443.6701707638495
76,1.9889260527961585,0.001134532212610564,0.7152090368554456,7502.7758026592255
77,1.9889260527961585,0.001134532212610527,0.7254259276799522,7387.935399610001
78,1.9888926863297958,0.0011457355150274267,0.47982439608771527,7443.51935984389
79,1.9889260527961585,0.0011345322126106014,0.7254259276799521,7387.738052610305
80,1.9889260527961585,0.001134532212610564,0.7152090368554623,7502.638426243984
81,1.9888927847461908,0.0054531392649177085,0.48124665582600185,-3843.267814869025
82,1.9888595131411473,0.005447756477185831,0.24210428653813942,-3709.811629017729
83,1.9888927847461908,0.005453139264917746,0.48124665582600185,-3843.3553510296015
84,1.9888927847461908,0.005453139264917746,0.48124665582600185,-3843.321625931841
85,1.9889260559422377,0.005458521599498324,0.7152595054212533,-3965.7245500520007
86,1.988926055942238,0.005458521599498323,0.7254773611049015,-3975.6966983718758
87,1.9888927847461908,0.0054531392649177085,0.48124665582600185,-3843.3025316406247
88,1.988926055942238,0.005458521599498323,0.7254773611049014,-3975.1810666273686
89,1.988926055942238,0.005458521599498286,0.7152595054212699,-3965.6970934359615
90,1.9888593092251001,0.005464452061471421,0.2391637763933751,-3858.3594411016356
91,1.9888925808454634,0.005469834154001481,0.4783069563802053,-3987.265893329601
92,1.9888925808454634,0.005469834154001481,0.47830695638021364,-3987.8059259519287
93,1.9888593092251001,0.005464452061471421,0.2391637763933751,-3858.816998868129
94,1.98882603719574,0.005459069515790489,0.0,-3727.062573406929
95,1.9888593092251001,0.005464452061471421,0.2391637763933751,-3859.055416719616
96,1.9888593092251001,0.005464452061471421,0.2391637763933751,-3858.3727338716008
97,1.9888925808454634,0.005469834154001481,0.4783069563801801,-3987.2809218064
98,1.9888925808454634,0.005469834154001481,0.4783069563802053,-3987.2340684134006
99,1.9888927847461908,0.005453139264917746,0.48124665582600185,-3843.260623557369
100,1.9888595131411473,0.005447756477185831,0.24210428653814786,-3709.908595542361
101,1.9888927847461908,0.005453139264917783,0.48124665582600185,-3843.3606825843362
102,1.9888927847461908,0.005453139264917783,0.48124665582600185,-3843.3304291599998
103,1.9889260559422375,0.0054585215994983624,0.7254773611048846,-3975.1886325154096
104,1.9889260559422375,0.005458521599498325,0.7152595054212532,-3965.681475953649
105,1.9888927847461908,0.005453139264917746,0.48124665582600185,-3843.3015397306885
106,1.9889260559422375,0.005458521599498325,0.7152595054212533,-3965.718882394116
107,1.9889260559422377,0.005458521599498324,0.7254773611049182,-3975.7046430697214
108,1.9888592806699892,0.005464461711615488,0.23875344015220906,-3918.134025
109,1.9888925809432265,0.005469834120963022,0.47830871526552593,-4045.251038834944
110,1.9888925809432265,0.005469834120963022,0.47830871526554264,-4045.024109054016
111,1.988859337877974,0.00546444237828881,0.23957587158897423,-3911.780581204441
112,1.98882603719574,0.005459069515790452,0.0,-3784.909358294689
113,1.988859337877974,0.00546444237828881,0.23957587158897423,-3911.8497554275236
114,1.9888592806699892,0.005464461711615488,0.23875344015220906,-3918.1511760487692
115,1.9888925809432265,0.005469834120963022,0.47830871526551744,-4045.264776940816
116,1.9888925809432265,0.005469834120963022,0.4783087152655343,-4045.0392459881286
117,1.9888928134946449,0.005453129549761109,0.4816600502158516,-3896.5118268261162
118,1.9888595132389104,0.005447756444147908,0.24210570058811828,-3768.1169973001
119,1.9888928134946449,0.005453129549761109,0.4816600502158516,-3896.5710031504
120,1.9888927562910108,0.005453148880966784,0.48083784774037036,-3905.2623124416036
121,1.9889260561377486,0.005458521533428659,0.7254805631886844,-4033.072112899729
122,1.9889260561377486,0.005458521533428659,0.7152626477078878,-4023.483768697969
123,1.9888927562910108,0.005453148880966746,0.48083784774037036,-3905.234066064384
124,1.9889260561377486,0.005458521533428622,0.7152626477078878,-4023.5524012644837
125,1.9889260561377486,0.005458521533428622,0.7254805631887096,-4033.0110199040637
126,1.988892813494645,0.005453129549761108,0.4816600502158516,-3896.5200665405437
127,1.9888595132389104,0.005447756444147908,0.24210570058810985,-3767.100284917264
128,1.9888928134946449,0.005453129549761109,0.4816600502158516,-3896.5707534603234
129,1.9888927562910108,0.005453148880966746,0.48083784774037885,-3905.2521887282887
130,1.9889260561377486,0.005458521533428622,0.715262647707871,-4023.568766602449
131,1.9889260561377486,0.005458521533428584,0.7254805631887012,-4033.020291784225
132,1.9888927562910108,0.005453148880966709,0.48083784774037885,-3905.227316945124
133,1.9889260561377486,0.005458521533428584,0.7254805631887012,-4033.051663841344
134,1.9889260561377486,0.005458521533428547,0.7152626477078962,-4023.4778061920997
135,1.988859337877974,0.00546444237828881,0.23957587158897423,-3911.3091370116003
136,1.9888925809432265,0.005469834120963022,0.4783087152655343,-4045.1293049715614
137,1.9888925809432265,0.005469834120963022,0.47830871526554264,-4045.023854652004
138,1.9888592806699892,0.005464461711615488,0.23875344015220906,-3919.638327210225
139,1.98882603719574,0.005459069515790452,0.0,-3785.964773677636
140,1.9888592806699892,0.005464461711615488,0.23875344015220906,-3919.787583754849
141,1.988859337877974,0.00546444237828881,0.23957587158897423,-3911.335654211584
142,1.9888925809432265,0.005469834120963022,0.47830871526551744,-4045.145968537444
143,1.9888925809432265,0.005469834120963022,0.47830871526552593,-4045.0360659576036
144,1.9888927562910108,0.005453148880966746,0.4808378477403703,-3905.177448633561
145,1.9888595132389104,0.005447756444147908,0.24210570058811828,-3768.153951154681
146,1.9888927562910108,0.005453148880966784,0.4808378477403703,-3905.3291792726886
147,1.9888928134946449,0.005453129549761109,0.4816600502158516,-3896.494348672836
148,1.9889260561377486,0.005458521533428659,0.7254805631886844,-4033.1141542944165
149,1.9889260561377486,0.005458521533428622,0.7152626477078878,-4023.4665155016014
150,1.9888928134946449,0.005453129549761109,0.4816600502158517,-3896.5296795517215
151,1.9889260561377486,0.005458521533428659,0.7152626477078878,-4023.58056489
152,1.9889260561377486,0.005458521533428622,0.7254805631887096,-4032.9699951375605
153,1.9888927562910108,0.005453148880966709,0.48083784774037874,-3905.184322692676
154,1.9888595132389104,0.005447756444147908,0.24210570058810985,-3768.1722439936
155,1.9888927562910108,0.005453148880966746,0.48083784774037874,-3905.332928831569
156,1.9888928134946449,0.005453129549761109,0.4816600502158517,-3896.542039154944
157,1.9889260561377486,0.005458521533428622,0.7152626477078712,-4023.6120270747037
158,1.9889260561377486,0.005458521533428584,0.7254805631887012,-4032.9793939820493
159,1.988892813494645,0.005453129549761108,0.4816600502158516,-3896.4821139888636
160,1.9889260561377486,0.005458521533428584,0.7254805631887012,-4033.0957373422807
161,1.9889260561377486,0.005458521533428547,0.7152626477078962,-4023.4431730006886
162,1.988892648271879,0.005464313446621921,0.47928115079297484,2128.340788995136
163,1.9888592401444731,0.005470108025458243,0.23817169435689475,2182.619083183081
164,1.988892648271879,0.005464313446621884,0.47928115079296646,2128.307295883561
165,1.988892648271879,0.005464313446621884,0.47928115079296646,2128.319013829264
166,1.9889260559696915,0.005458519351618345,0.7152599961595231,2129.233574417161
167,1.9889260559696915,0.005458519351618345,0.7254778588542242,2033.1163965684639
168,1.988892648271879,0.005464313446621921,0.47928115079297484,2128.207833045009
169,1.9889260559696915,0.005458519351618345,0.7254778588542242,2032.9628226153209
170,1.988926055969692,0.005458519351618307,0.7152599961595314,2129.060447078049
171,1.988859445737166,0.005453275163282127,0.24113031969043638,2869.152767767729
172,1.9888928538489992,0.005447481294607012,0.4822389551029179,2833.422786309025
173,1.9888928538489992,0.005447481294606975,0.4822389551029348,2832.679532663929
174,1.988859445737166,0.005453275163282127,0.24113031969043638,2874.1253821569
175,1.98882603719574,0.005459069515790489,0.0,2989.8448769166757
176,1.988859445737166,0.005453275163282164,0.24113031969042795,2874.172667138721
177,1.988859445737166,0.005453275163282164,0.24113031969042795,2869.322141130916
178,1.9888928538489992,0.005447481294607087,0.4822389551029179,2832.841652006916
179,1.9888928538489992,0.005447481294607012,0.4822389551029179,2833.5244563396
180,1.988892648271879,0.005464313446621958,0.47928115079297484,2128.283767822276
181,1.9888592401444736,0.005470108025458243,0.2381716943569031,2181.558888679921
182,1.988892648271879,0.005464313446621958,0.47928115079297484,2128.251197818729
183,1.988892648271879,0.005464313446621958,0.47928115079297484,2128.2560879166763
184,1.9889260559696915,0.0054585193516184195,0.7254778588542411,2032.4201749816411
185,1.988926055969692,0.005458519351618307,0.7152599961595314,2128.3178143530254
186,1.988892648271879,0.005464313446621958,0.47928115079297484,2128.1965767291613
187,1.988926055969692,0.005458519351618307,0.7152599961595314,2128.238557402896
188,1.988926055969692,0.005458519351618307,0.7254778588542242,2032.2957495420808
189,1.988859417645494,0.005453265823964518,0.24072498321284758,-15.428531958889
190,1.9888928539443895,0.005447481326320176,0.4822406741186077,23.804923982841
191,1.9888928539443895,0.005447481326320176,0.48224067411861604,23.618598850609
192,1.9888594739242287,0.005453284534312927,0.24153737525453656,136.259839495521
193,1.98882603719574,0.005459069515790526,0.0,118.59554126496398
194,1.9888594739242287,0.005453284534312927,0.24153737525453656,136.244198072161
195,1.988859417645494,0.005453265823964518,0.24072498321284758,-15.252164781604
196,1.9888928539443895,0.005447481326320214,0.48224067411860766,23.657124371880997
197,1.9888928539443895,0.005447481326320176,0.4822406741186077,23.857119140625002
198,1.9888926765522197,0.005464322848349897,0.4796894628638128,-64.443389296896
199,1.988859240239864,0.00547010805717082,0.23817306284308673,-71.64584728576901
200,1.9888926765522197,0.005464322848349897,0.47968946286382114,-64.45623419929599
201,1.9888926202776955,0.005464304140025961,0.4788772940618109,-192.15390731768102
202,1.9889260561604585,0.005458519415037793,0.7254809749298119,-188.362257087169
203,1.9889260561604585,0.005458519415037756,0.7152630536494019,-164.02514027290002
204,1.9888926202776955,0.005464304140025887,0.4788772940618109,-192.312298964241
205,1.9889260561604585,0.0054585194150376815,0.7152630536494019,-164.20231208102498
206,1.9889260561604585,0.0054585194150376815,0.7254809749298204,-188.50617236002503
207,1.9888926765522197,0.005464322848349934,0.4796894628638127,-64.539018169924
208,1.988859240239864,0.00547010805717082,0.23817306284308673,-71.75697696060098
209,1.9888926765522197,0.005464322848349897,0.47968946286380443,-64.528848010225
210,1.9888926202776955,0.005464304140025887,0.47887729406180246,-192.16255727744098
211,1.9889260561604585,0.005458519415037719,0.7152630536493935,-164.017379183329
212,1.9889260561604585,0.005458519415037719,0.7254809749298119,-188.40554668809997
213,1.9888926202776955,0.005464304140025887,0.47887729406180257,-192.329800363204
214,1.9889260561604585,0.0054585194150376815,0.7254809749298036,-188.56691768908897
215,1.9889260561604585,0.005458519415037719,0.7152630536494103,-164.191266473796
216,1.9888594739242287,0.005453284534312927,0.24153737525453656,139.51382369040903
217,1.9888928539443895,0.005447481326320176,0.4822406741186077,23.795615705625
218,1.9888928539443895,0.005447481326320176,0.48224067411861604,23.686988157183997
219,1.988859417645494,0.005453265823964518,0.24072498321284758,-11.843763941529
220,1.98882603719574,0.005459069515790526,0.0,118.25011775836902
221,1.988859417645494,0.005453265823964518,0.24072498321284758,-11.898043017316
222,1.9888594739242287,0.005453284534312927,0.24153737525453656,139.49849265870398
223,1.9888928539443895,0.005447481326320214,0.48224067411860766,23.796386447716003
224,1.9888928539443895,0.005447481326320176,0.4822406741186077,23.666463902761
225,1.9888926202776955,0.005464304140025887,0.4788772940618109,-191.18576307603598
226,1.988859240239864,0.00547010805717082,0.23817306284308673,-74.19265788225601
227,1.9888926202776955,0.005464304140025961,0.4788772940618109,-191.223153095716
228,1.9888926765522197,0.005464322848349897,0.479689462863821,-63.217892137023995
229,1.9889260561604585,0.005458519415037793,0.7254809749298119,-187.444411989156
230,1.9889260561604585,0.0054585194150376815,0.7152630536494019,-163.0284634276
231,1.9888926765522197,0.005464322848349897,0.4796894628638128,-63.304062268225
232,1.9889260561604585,0.005458519415037756,0.7152630536494019,-163.09642318824098
233,1.9889260561604585,0.0054585194150376815,0.7254809749298204,-187.413553668649
234,1.9888926202776955,0.005464304140025887,0.47887729406180257,-191.097474087601
235,1.988859240239864,0.00547010805717082,0.23817306284308673,-74.148838784784
236,1.9888926202776955,0.005464304140025887,0.47887729406180246,-191.15694870630398
237,1.9888926765522197,0.005464322848349897,0.47968946286380443,-63.265081984225006
238,1.9889260561604585,0.005458519415037719,0.7152630536493935,-163.001855459524
239,1.9889260561604585,0.0054585194150376815,0.7254809749298036,-187.39030892736398
240,1.9888926765522197,0.005464322848349934,0.4796894628638127,-63.15709775673599
241,1.9889260561604585,0.005458519415037719,0.7254809749298119,-187.407831331204
242,1.9889260561604585,0.005458519415037719,0.7152630536494103,-162.913339590001
243,1.9946503239468603,0.005448525226941185,0.4765208550500587,-979.964520228225
244,1.994617012460169,0.005454285802909373,0.2368042142437594,-925.546638148804
245,1.9946503239468603,0.005448525226941185,0.4765208550500587,-979.999080573969
246,1.9946503239468603,0.005448525226941185,0.4765208550500587,-980.027881327609
247,1.9946836350076989,0.005442765129198403,0.7111512536420457,-988.3552633819239
248,1.994683635007699,0.005442765129198329,0.7212808802644989,-1085.4949249224999
249,1.9946503239468603,0.005448525226941185,0.4765208550500587,-980.1122824950249
250,1.994683635007699,0.005442765129198329,0.7212808802644989,-1085.6367986940088
251,1.994683635007699,0.005442765129198329,0.711151253642054,-988.558992884164
252,1.9946172168651641,0.005437550187298161,0.2397372649603222,-248.390680972225
253,1.9946505283364626,0.005431790313304064,0.4794530965401423,-286.77891596430396
254,1.9946505283364626,0.005431790313304064,0.4794530965401423,-287.663241367044
255,1.9946172168651641,0.005437550187298161,0.2397372649603222,-242.89955000522502
256,1.9945839049680127,0.0054433105395181565,0.0,-114.05400567444902
257,1.9946172168651641,0.005437550187298161,0.2397372649603222,-242.863050756096
258,1.9946172168651641,0.005437550187298161,0.2397372649603222,-248.24917260562498
259,1.9946505283364626,0.005431790313304101,0.4794530965401423,-287.476399406641
260,1.9946505283364626,0.005431790313304064,0.4794530965401423,-286.667497462564
261,1.9946503239468603,0.005448525226941185,0.4765208550500671,-979.9941970098811
262,1.994617012460169,0.005454285802909373,0.23680421424376774,-926.7434317365211
263,1.9946503239468605,0.005448525226941221,0.4765208550500587,-980.011853029881
264,1.9946503239468605,0.005448525226941221,0.4765208550500587,-980.0459759305961
265,1.9946836350076993,0.005442765129198476,0.7212808802645073,-1086.2795311500247
266,1.994683635007699,0.005442765129198403,0.7111512536420457,-989.4763500192491
267,1.9946503239468603,0.005448525226941185,0.4765208550500671,-980.0829169881761
268,1.994683635007699,0.005442765129198403,0.7111512536420457,-989.5208292225
269,1.994683635007699,0.005442765129198329,0.7212808802645158,-1086.450659745201
270,1.9946171889346458,0.00543754092814207,0.23933541909234002,-3245.331034389249
271,1.994650528431033,0.005431790344654489,0.47945479584923983,-3230.381139219364
272,1.994650528431033,0.005431790344654489,0.47945479584924827,-3230.3699992863358
273,1.9946172448902528,0.005437559477804703,0.24014081020701222,-3100.1503728520365
274,1.9945839049680127,0.005443310539518194,0.0,-3113.1452968514886
275,1.9946172448902528,0.005437559477804703,0.24014081020701222,-3100.1892369116495
276,1.9946171889346458,0.00543754092814207,0.23933541909234002,-3245.1661716496
277,1.994650528431033,0.005431790344654526,0.47945479584923983,-3230.251894443025
278,1.994650528431033,0.005431790344654489,0.47945479584923983,-3230.232456797956
279,1.994650352064431,0.005448534547796758,0.4769256427383635,-3294.293469316096
280,1.9946170125547393,0.005454285834259258,0.23680556706089337,-3305.517605564161
281,1.994650352064431,0.005448534547796758,0.47692564273837185,-3294.3564903552247
282,1.9946502961129868,0.005448516000129727,0.476120471667808,-3431.9465648211244
283,1.9946836351968258,0.005442765191892645,0.7212839605572455,-3432.0359627835614
284,1.994683635196826,0.00544276519189257,0.7111542761880961,-3412.264091209744
285,1.9946502961129866,0.005448516000129691,0.476120471667808,-3432.069004002769
286,1.9946836351968258,0.0054427651918925336,0.7111542761880961,-3412.438519398561
287,1.9946836351968258,0.0054427651918925336,0.721283960557254,-3432.115168242049
288,1.9946503520644312,0.005448534547796757,0.47692564273836346,-3294.3219377618557
289,1.9946170125547393,0.005454285834259258,0.23680556706089337,-3305.5130060752813
290,1.994650352064431,0.005448534547796758,0.4769256427383635,-3294.299897664064
291,1.9946502961129866,0.005448516000129691,0.476120471667808,-3431.920671264409
292,1.9946836351968258,0.005442765191892571,0.7111542761880792,-3412.2568478046765
293,1.994683635196826,0.005442765191892533,0.7212839605572371,-3432.0051478891237
294,1.9946502961129866,0.005448516000129691,0.476120471667808,-3432.062442613249
295,1.9946836351968258,0.0054427651918925336,0.7212839605572455,-3432.113645051536
296,1.994683635196826,0.005442765191892533,0.7111542761880961,-3412.4162044920995
297,1.9946172448902528,0.005437559477804703,0.24014081020701222,-3096.587607354081
298,1.994650528431033,0.005431790344654489,0.47945479584923983,-3229.224166545169
299,1.994650528431033,0.005431790344654489,0.47945479584924827,-3229.1400642235285
300,1.9946171889346458,0.00543754092814207,0.23933541909234002,-3239.7533224065605
301,1.9945839049680127,0.005443310539518194,0.0,-3113.4569786896004
302,1.9946171889346458,0.00543754092814207,0.23933541909234002,-3239.7456952876964
303,1.9946172448902528,0.005437559477804703,0.24014081020701222,-3096.5673518824806
304,1.994650528431033,0.005431790344654526,0.47945479584923983,-3229.178592043044
305,1.994650528431033,0.005431790344654489,0.47945479584923983,-3229.204163731569
306,1.9946502961129866,0.005448516000129691,0.476120471667808,-3430.9617411457443
307,1.9946170125547393,0.005454285834259258,0.23680556706089337,-3308.5869828211244
308,1.9946502961129868,0.005448516000129727,0.476120471667808,-3430.984585204449
309,1.994650352064431,0.005448534547796758,0.47692564273837196,-3293.2553734196645
310,1.9946836351968258,0.005442765191892645,0.7212839605572456,-3431.088380193049
311,1.9946836351968258,0.0054427651918925336,0.7111542761880961,-3411.342020823025
312,1.994650352064431,0.005448534547796758,0.4769256427383635,-3293.2183015917612
313,1.994683635196826,0.00544276519189257,0.7111542761880961,-3411.347978308516
314,1.9946836351968258,0.0054427651918925336,0.721283960557254,-3431.0362482023043
315,1.9946502961129866,0.005448516000129691,0.476120471667808,-3430.8328786493444
316,1.9946170125547393,0.005454285834259258,0.23680556706089337,-3308.453997182244
317,1.9946502961129866,0.005448516000129691,0.476120471667808,-3430.8937951642242
318,1.994650352064431,0.005448534547796758,0.4769256427383635,-3293.1182201758093
319,1.9946836351968258,0.005442765191892571,0.7111542761880792,-3411.2184333757687
320,1.9946836351968258,0.0054427651918925336,0.7212839605572456,-3430.920036291136
321,1.9946503520644312,0.005448534547796757,0.4769256427383635,-3293.1311893561
322,1.994683635196826,0.005442765191892533,0.7212839605572372,-3430.9550636660247
323,1.994683635196826,0.005442765191892533,0.7111542761880961,-3411.1752133412892
324,1.9946171758721338,0.001125777697585404,0.23914760028595533,4879.573632063025
325,1.994650389947349,0.0011368600031643804,0.47746401887691386,4585.675381288224
326,1.994650389947349,0.0011368600031643804,0.47746401887692225,4585.846031265624
327,1.994617119458735,0.0011424533858359366,0.2383373079524607,4586.5520954317435
328,1.994583904968013,0.0011313708498984455,0.0,4865.638931073424
329,1.994617119458735,0.0011424533858359737,0.2383373079524607,4586.414210224901
330,1.9946171758721343,0.0011257776975853668,0.23914760028595533,4879.510344594064
331,1.9946503899473484,0.0011368600031644177,0.47746401887689705,4585.66237951536
332,1.994650389947349,0.0011368600031643804,0.47746401887691386,4585.83844675476
333,1.994650361790624,0.001142396391859048,0.47705949946409826,4403.318469825025
334,1.994617147713301,0.0011368791209150078,0.23874296975768872,4666.545329021689
335,1.994650361790624,0.001142396391859011,0.4770594994641067,4403.1681050023835
336,1.9946504181997924,0.0011257402523461757,0.4778695689823851,4675.251119652865
337,1.994683631861608,0.0011312577558482925,0.7212295481578362,4343.875272918723
338,1.9946836318616084,0.0011312577558483293,0.7111008794492997,4455.153064906489
339,1.9946504181997924,0.0011257402523462128,0.4778695689823767,4675.315119628177
340,1.9946836318616084,0.0011312577558483293,0.7111008794493081,4455.015166810001
341,1.9946836318616084,0.0011312577558483293,0.7212295481578362,4344.069308478916
342,1.9946503617906242,0.001142396391859122,0.4770594994641067,4403.401151664383
343,1.994617147713301,0.0011368791209150078,0.23874296975768872,4666.5812612644
344,1.994650361790624,0.001142396391859011,0.4770594994641067,4403.232338204735
345,1.9946504181997924,0.0011257402523461757,0.4778695689823767,4675.332760724025
346,1.994683631861608,0.0011312577558482925,0.7111008794492832,4455.078175162384
347,1.9946836318616084,0.0011312577558483664,0.7212295481578447,4344.129286380081
348,1.9946504181997924,0.0011257402523461757,0.4778695689823767,4675.3115640625
349,1.9946836318616084,0.0011312577558482923,0.7212295481578362,4343.922726867363
350,1.9946836318616084,0.0011312577558483293,0.7111008794493081,4455.243040226449
351,1.9946503898516157,1.1110324131632503e-05,0.47746230013677077,6664.240244500805
352,1.9946171476175678,1.1110787048214335e-05,0.23874159471475043,7028.997539339689
353,1.9946503898516157,1.111032413155829e-05,0.47746230013677077,6663.789301505296
354,1.9946503898516157,1.111032413155829e-05,0.47746230013677077,6665.148707491044
355,1.9946836316701562,3.710606891899486e-17,0.7110978155546112,6966.685835555624
356,1.9946836316701564,7.421213783798971e-17,0.7212264259299176,6149.186680562499
357,1.9946503898516157,1.1110324131632503e-05,0.47746230013677077,6664.599769
358,1.9946836316701564,7.421213783798971e-17,0.7212264259299176,6149.812305306121
359,1.9946836316701564,3.7106068918994855e-17,0.7110978155546361,6967.204841006656
360,1.9946171476175678,1.1110787048214335e-05,0.23874159471475043,7030.0417104783355
361,1.9946503898516157,1.111032413155829e-05,0.47746230013677077,6664.7098161302765
362,1.9946503898516157,1.1110324131595396e-05,0.47746230013677077,6664.3468599734015
363,1.9946171476175678,1.1110787048214335e-05,0.23874159471475043,7028.3997791447055
364,1.994583904968013,0.0,0.0,7881.631472773809
365,1.994617147617568,1.1110787048251442e-05,0.23874159471475884,7027.2090294025
366,1.994617147617568,1.1110787048251442e-05,0.23874159471475884,7030.132599124995
367,1.9946503898516157,1.1110324131484076e-05,0.47746230013675395,6664.815455699042
368,1.9946503898516157,1.111032413155829e-05,0.47746230013677077,6665.240145010084
369,1.994650389851616,1.1110324131632501e-05,0.47746230013677077,6664.23714237884
370,1.9946171476175678,1.111078704828855e-05,0.23874159471475884,7027.808918592783
371,1.994650389851616,1.1110324131595394e-05,0.47746230013677077,6663.899831740368
372,1.994650389851616,1.1110324131595394e-05,0.47746230013677077,6664.697733760001
373,1.9946836316701564,7.421213783798971e-17,0.7212264259299093,6145.024083161616
374,1.9946836316701564,3.7106068918994855e-17,0.7110978155546361,6966.342457885924
375,1.994650389851616,1.1110324131632501e-05,0.47746230013677077,6665.486539589761
376,1.9946836316701564,3.7106068918994855e-17,0.7110978155546361,6969.15733602744
377,1.9946836316701564,3.7106068918994855e-17,0.721226425929926,6145.457745420901
378,1.994617119458735,0.0011424533858359366,0.2383373079524607,4582.423345572802
379,1.994650389947349,0.0011368600031643804,0.47746401887691386,4585.131354105604
380,1.994650389947349,0.0011368600031643804,0.47746401887692225,4585.133927222689
381,1.9946171758721338,0.001125777697585404,0.23914760028595533,4876.825545769983
382,1.994583904968013,0.0011313708498984455,0.0,4864.9062612544
383,1.9946171758721343,0.0011257776975853668,0.23914760028595533,4876.79914845089
384,1.994617119458735,0.0011424533858359737,0.2383373079524607,4582.585405481615
385,1.9946503899473484,0.0011368600031644177,0.47746401887689705,4585.266240584837
386,1.994650389947349,0.0011368600031643804,0.47746401887691386,4585.3149952221165
387,1.9946504181997924,0.0011257402523462128,0.4778695689823767,4674.726144936962
388,1.994617147713301,0.0011368791209150078,0.23874296975768872,4669.49605903152
389,1.9946504181997924,0.0011257402523461757,0.47786956898238503,4674.679105140624
390,1.994650361790624,0.001142396391859011,0.4770594994641067,4402.739718684736
391,1.994683631861608,0.0011312577558482925,0.7212295481578362,4343.49710057537
392,1.9946836318616084,0.0011312577558483293,0.7111008794493081,4454.616302239745
393,1.994650361790624,0.001142396391859048,0.47705949946409826,4402.643639856399
394,1.9946836318616084,0.0011312577558483293,0.7111008794492998,4454.481082126202
395,1.9946836318616084,0.0011312577558483293,0.7212295481578362,4343.409842511601
396,1.9946504181997924,0.0011257402523461757,0.4778695689823767,4674.7878166564005
397,1.994617147713301,0.0011368791209150078,0.23874296975768872,4669.533642648195
398,1.9946504181997924,0.0011257402523461757,0.4778695689823767,4674.775509628901
399,1.994650361790624,0.001142396391859011,0.4770594994641067,4402.835665853689
400,1.994683631861608,0.0011312577558482925,0.7111008794492831,4454.673033895569
401,1.9946836318616084,0.0011312577558482923,0.7212295481578362,4343.644993132225
402,1.9946503617906242,0.001142396391859122,0.4770594994641067,4402.70959440889
403,1.9946836318616084,0.0011312577558483664,0.7212295481578447,4343.467047850225
404,1.9946836318616084,0.0011312577558483293,0.7111008794493081,4454.541417007201
405,1.9946504596345296,0.005437415458500976,0.47846939229827523,-7285.313680694401
406,1.994617283883004,0.005432063117782145,0.2407028481515135,-7147.70366119265
407,1.9946504596345296,0.005437415458501013,0.47846939229827523,-7285.38093984025
408,1.9946504596345296,0.005437415458501013,0.47846939229827523,-7285.390158123008
409,1.994683634980561,0.005442767351235433,0.7111507699350779,-7418.439430511769
410,1.9946836349805614,0.00544276735123547,0.7212803896670629,-7425.120343663045
411,1.9946504596345296,0.005437415458500976,0.4784693922982752,-7285.330751514202
412,1.9946836349805614,0.00544276735123547,0.7212803896670629,-7425.1837642840355
413,1.9946836349805614,0.0054427673512354325,0.7111507699351112,-7418.373282540442
414,1.994617081140176,0.005448662640991469,0.23778770434752394,-7296.738698902501
415,1.9946502569068452,0.0054540142944808235,0.475555047573672,-7431.401678314084
416,1.9946502569068452,0.0054540142944808235,0.4755550475736804,-7431.350299878401
417,1.994617081140176,0.005448662640991469,0.23778770434752394,-7298.4602034126765
418,1.994583904968013,0.005443310539518193,0.0,-7160.411039500945
419,1.994617081140176,0.005448662640991469,0.2377877043475156,-7298.697874461889
420,1.994617081140176,0.005448662640991469,0.2377877043475156,-7296.761420892888
421,1.9946502569068452,0.0054540142944808235,0.4755550475736637,-7431.4258158955245
422,1.9946502569068452,0.0054540142944808235,0.475555047573672,-7431.361161747649
423,1.9946504596345296,0.005437415458501013,0.47846939229826685,-7285.128122173445
424,1.994617283883004,0.005432063117782145,0.2407028481515135,-7147.817796173825
425,1.9946504596345296,0.005437415458501013,0.47846939229826685,-7285.380257004721
426,1.9946504596345296,0.005437415458501013,0.47846939229826674,-7285.34987085612
427,1.994683634980561,0.005442767351235433,0.7212803896670544,-7425.201859891322
428,1.994683634980561,0.005442767351235433,0.7111507699351028,-7418.388785944762
429,1.9946504596345296,0.005437415458501013,0.47846939229826685,-7285.364210379024
430,1.994683634980561,0.005442767351235433,0.7111507699351028,-7418.422548970224
431,1.994683634980561,0.005442767351235433,0.7212803896670629,-7425.11913729516
432,1.9946170527502174,0.005448672207402401,0.23738091613996976,-7350.781040996415
433,1.9946502570037605,0.005454014261824098,0.47555678618025626,-7482.632334884101
434,1.9946502570037605,0.005454014261824098,0.47555678618026465,-7482.584066728761
435,1.9946171096270497,0.005448653041923728,0.2381962312295845,-7344.761500109055
436,1.9945839049680132,0.005443310539518192,0.0,-7211.173381402384
437,1.9946171096270497,0.005448653041923728,0.23819623122957614,-7344.817034840465
438,1.9946170527502174,0.005448672207402401,0.23738091613996976,-7350.80453286989
439,1.9946502570037605,0.005454014261824098,0.4755567861802396,-7482.659323597955
440,1.9946502570037605,0.005454014261824098,0.47555678618025626,-7482.612958401604
441,1.9946504882161609,0.005437405827825629,0.47887920370510917,-7331.682581310026
442,1.9946172839799192,0.005432063085125909,0.24070424587857236,-7197.729391761489
443,1.9946504882161609,0.005437405827825667,0.47887920370510917,-7331.942541858169
444,1.994650431343629,0.005437424991213825,0.4780641142828493,-7339.116907473315
445,1.9946836351743766,0.0054427672859291435,0.7212835547322322,-7476.127399018404
446,1.9946836351743766,0.005442767285929106,0.7111538760629493,-7469.119356820488
447,1.994650431343629,0.005437424991213825,0.4780641142828408,-7339.125817015205
448,1.9946836351743766,0.0054427672859291435,0.7111538760629411,-7469.349419458405
449,1.9946836351743766,0.005442767285929106,0.7212835547322404,-7476.104572380901
450,1.994650488216161,0.005437405827825629,0.47887920370511755,-7331.6880613267285
451,1.9946172839799192,0.005432063085125909,0.24070424587858075,-7197.734142770521
452,1.9946504882161609,0.005437405827825629,0.47887920370511755,-7331.941343083536
453,1.994650431343629,0.005437424991213825,0.4780641142828493,-7339.152374335608
454,1.9946836351743766,0.005442767285929106,0.7111538760629244,-7469.37448284485
455,1.9946836351743766,0.005442767285929069,0.7212835547322406,-7475.907780542223
456,1.994650431343629,0.005437424991213788,0.4780641142828493,-7339.094633642256
457,1.9946836351743766,0.005442767285929069,0.7212835547322404,-7476.11304590136
458,1.994683635174377,0.005442767285929105,0.7111538760629493,-7469.093256775057
459,1.9946171096270497,0.005448653041923728,0.2381962312295845,-7343.955755915689
460,1.9946502570037605,0.005454014261824098,0.47555678618025626,-7482.595311984017
461,1.9946502570037605,0.005454014261824098,0.47555678618026465,-7482.379404559504
462,1.9946170527502174,0.005448672207402401,0.23738091613996976,-7352.3981240078765
463,1.9945839049680132,0.005443310539518192,0.0,-7212.18106104272
464,1.9946170527502174,0.005448672207402401,0.23738091613996976,-7352.604945118224
465,1.9946171096270497,0.005448653041923728,0.23819623122957614,-7343.99586211169
466,1.9946502570037605,0.005454014261824098,0.4755567861802396,-7482.624895695889
467,1.9946502570037605,0.005454014261824098,0.47555678618025626,-7482.395320705599
468,1.994650431343629,0.005437424991213825,0.4780641142828408,-7338.837973012323
469,1.9946172839799192,0.005432063085125909,0.24070424587857236,-7198.742749614025
470,1.994650431343629,0.005437424991213825,0.4780641142828492,-7339.1006304396
471,1.9946504882161609,0.005437405827825667,0.4788792037051092,-7331.844585168482
472,1.9946836351743766,0.0054427672859291435,0.7212835547322322,-7476.084166779905
473,1.9946836351743766,0.0054427672859291435,0.7111538760629411,-7469.067675317823
474,1.9946504882161609,0.005437405827825629,0.4788792037051092,-7331.8678755109295
475,1.9946836351743766,0.005442767285929106,0.7111538760629493,-7469.3030955169
476,1.9946836351743766,0.005442767285929106,0.7212835547322405,-7475.8268510824955
477,1.994650431343629,0.005437424991213788,0.4780641142828492,-7338.852536412609
478,1.9946172839799192,0.005432063085125909,0.24070424587858075,-7197.514410243556
479,1.994650431343629,0.005437424991213825,0.4780641142828492,-7339.089836206143
480,1.9946504882161609,0.005437405827825629,0.47887920370511766,-7331.884487027776
481,1.9946836351743766,0.005442767285929106,0.7111538760629245,-7469.329887331225
482,1.9946836351743766,0.005442767285929069,0.7212835547322405,-7475.852617038169
483,1.994650488216161,0.005437405827825629,0.47887920370511766,-7331.835508795044
484,1.9946836351743766,0.005442767285929069,0.7212835547322406,-7476.056844069637
485,1.994683635174377,0.005442767285929105,0.7111538760629493,-7469.027747590369
486,2.0003749477971944,0.0011225533722648944,0.2377717179621538,1354.8894506453287
487,2.000408066353061,0.0011335720540372486,0.4747194704301552,1056.9565381134241
488,2.000408066353061,0.0011335720540372486,0.4747194704301552,1057.1982377222248
489,2.000374891708082,0.0011391331740201538,0.2369684023576738,1062.657247283776
490,2.0003417727402857,0.0011281142645269762,0.0,1336.1302162032248
491,2.000374891708082,0.0011391331740201538,0.23696840235768216,1062.4747691406249
492,2.0003749477971944,0.0011225533722648944,0.2377717179621538,1354.804055521569
493,2.000408066353061,0.0011335720540372486,0.4747194704301385,1056.964795890025
494,2.000408066353061,0.0011335720540372486,0.4747194704301469,1057.164487852356
495,2.000408038358043,0.001139076671987715,0.47431843188173206,868.736423692225
496,2.0003749198000924,0.0011335910064336173,0.23737056988738772,1137.4361284546092
497,2.0004080383580436,0.0011390766719878629,0.4743184318817404,868.554222907536
498,2.000408094442973,0.0011225162486751695,0.475121527859214,1140.8985642960997
499,2.0004412125889948,0.0011280021441183276,0.7170694740574283,815.940315079561
500,2.0004412125889943,0.0011280021441181798,0.707028014669427,923.5988404113609
501,2.000408094442973,0.0011225162486751695,0.475121527859214,1140.946798633216
502,2.0004412125889948,0.0011280021441183276,0.707028014669427,923.442820792804
503,2.0004412125889943,0.0011280021441181798,0.7170694740574365,816.1738765250491
504,2.000408038358043,0.001139076671987715,0.47431843188173206,868.8218424146561
505,2.0003749198000924,0.0011335910064336173,0.23737056988738772,1137.475115925625
506,2.000408038358043,0.001139076671987715,0.47431843188173206,868.6063877926409
507,2.000408094442973,0.0011225162486751695,0.475121527859214,1140.983819516304
508,2.0004412125889943,0.0011280021441181798,0.7070280146694103,923.476369672516
509,2.0004412125889943,0.0011280021441181798,0.7170694740574366,816.253128180736
510,2.0004080944429736,0.0011225162486752063,0.475121527859214,1140.9501088702089
511,2.0004412125889948,0.0011280021441182166,0.7170694740574283,816.0004733812841
512,2.0004412125889948,0.0011280021441182166,0.7070280146694353,923.6756698730891
513,2.000408066258152,1.1046459835826372e-05,0.47471777139243493,3248.717970120676
514,2.0003749197051834,1.1046917445810266e-05,0.23736921060726657,3620.371016691361
515,2.000408066258152,1.1046459835826372e-05,0.4747177713924515,3248.2995077610253
516,2.000408066258152,1.1046459835826372e-05,0.4747177713924515,3249.864291471561
517,2.0004412123991906,7.39985437708269e-17,0.7070249858102787,3554.310335733369
518,2.0004412123991906,7.39985437708269e-17,0.7170663876997057,2732.6945485827614
519,2.000408066258152,1.1046459835826372e-05,0.47471777139243493,3249.252172892944
520,2.0004412123991906,7.39985437708269e-17,0.7170663876997057,2733.151870998025
521,2.0004412123991906,7.39985437708269e-17,0.7070249858103037,3554.706329764164
522,2.0003749197051834,1.1046917445810266e-05,0.23736921060726657,3621.4251430452837
523,2.000408066258152,1.1046459835900372e-05,0.4747177713924515,3249.151165758276
524,2.000408066258152,1.1046459835900372e-05,0.4747177713924515,3248.6909533495214
525,2.0003749197051834,1.1046917445810266e-05,0.23736921060726657,3619.7071366560044
526,2.0003417727402857,0.0,0.0,4478.951743350841
527,2.0003749197051834,1.1046917445810266e-05,0.2373692106072749,3618.332158825476
528,2.0003749197051834,1.1046917445810266e-05,0.2373692106072749,3621.363881817361
529,2.000408066258152,1.1046459835900372e-05,0.4747177713924515,3249.1901547822245
530,2.000408066258152,1.1046459835900372e-05,0.4747177713924515,3249.6480083078563
531,2.000408066258152,1.1046459835826372e-05,0.4747177713924515,3248.7024668121003
532,2.0003749197051834,1.1046917445810266e-05,0.2373692106072749,3619.0481301756245
533,2.000408066258152,1.1046459835900372e-05,0.4747177713924515,3248.360149505769
534,2.000408066258152,1.1046459835900372e-05,0.4747177713924515,3248.8415419321
535,2.000441212399191,0.0,0.7170663876996972,2728.528133149225
536,2.000441212399191,7.399854377082689e-17,0.7070249858102954,3557.0226390084
537,2.000408066258152,1.1046459835826372e-05,0.4747177713924515,3249.715731413284
538,2.000441212399191,7.399854377082689e-17,0.7070249858102954,3556.9898366550246
539,2.0004412123991906,7.39985437708269e-17,0.7170663876997223,2728.9795694124955
540,2.000374891708082,0.0011391331740201538,0.2369684023576738,1057.931178429316
541,2.000408066353061,0.0011335720540372486,0.4747194704301469,1056.3289114737959
542,2.000408066353061,0.0011335720540372486,0.4747194704301552,1056.3120759120247
543,2.0003749477971944,0.0011225533722648944,0.2377717179621538,1351.8654546047287
544,2.0003417727402857,0.0011281142645269762,0.0,1335.4716102510251
545,2.0003749477971944,0.0011225533722648944,0.2377717179621538,1351.8380995572008
546,2.000374891708082,0.0011391331740201538,0.23696840235768216,1058.0597245089
547,2.000408066353061,0.0011335720540372486,0.4747194704301385,1056.432917918596
548,2.000408066353061,0.0011335720540372486,0.4747194704301552,1056.495649280841
549,2.000408094442973,0.0011225162486751695,0.47512152785921397,1140.184761290884
550,2.0003749198000924,0.0011335910064336173,0.23737056988738772,1140.7973025274812
551,2.000408094442973,0.0011225162486751695,0.47512152785921397,1140.1425534040088
552,2.0004080383580436,0.0011390766719878629,0.4743184318817404,867.9698475235841
553,2.0004412125889948,0.0011280021441183276,0.7170694740574283,815.4538741594089
554,2.0004412125889948,0.0011280021441183276,0.707028014669427,922.895914156804
555,2.000408038358043,0.001139076671987715,0.474318431881732,867.904798130176
556,2.0004412125889943,0.0011280021441181798,0.707028014669427,922.7773175625
557,2.0004412125889943,0.0011280021441181798,0.7170694740574366,815.339710655716
558,2.0004080944429736,0.0011225162486752063,0.47512152785921397,1140.2693820156248
559,2.0003749198000924,0.0011335910064336173,0.23737056988738772,1140.8565458586238
560,2.000408094442973,0.0011225162486751695,0.47512152785921397,1140.2793773285289
561,2.000408038358043,0.001139076671987715,0.474318431881732,868.095828733156
562,2.0004412125889943,0.0011280021441181798,0.7070280146694103,922.980977882404
563,2.0004412125889948,0.0011280021441182166,0.7170694740574283,815.6408134494759
564,2.000408038358043,0.001139076671987715,0.474318431881732,867.977919946225
565,2.0004412125889943,0.0011280021441181798,0.7170694740574366,815.427317153344
566,2.0004412125889948,0.0011280021441182166,0.7070280146694353,922.855753288681
567,2.0004081356344394,0.005421782062993859,0.4757161007588197,-11209.43452489669
568,2.0003750551857156,0.005416459911767178,0.2393135429972986,-11064.537012738609
569,2.000408135634439,0.0054217820629938246,0.47571610075881987,-11209.511601750362
570,2.000408135634439,0.0054217820629938246,0.4757161007588198,-11209.518801250226
571,2.0004412156811324,0.005427103771329756,0.7070773353280871,-11343.750208603848
572,2.0004412156811324,0.005427103771329719,0.7171197321411881,-11356.0800433081
573,2.0004081356344394,0.005421782062993859,0.4757161007588198,-11209.472639791209
574,2.0004412156811324,0.005427103771329719,0.7171197321411882,-11356.08792911281
575,2.0004412156811324,0.0054271037713296815,0.7070773353280955,-11343.665429156026
576,2.00037485360601,0.005432964200590088,0.23642347460695756,-11213.26539578785
577,2.0004079340697047,0.005438285672445772,0.47282682002759785,-11359.788165442249
578,2.0004079340697047,0.005438285672445808,0.4728268200275812,-11359.769620128402
579,2.00037485360601,0.005432964200590088,0.23642347460695756,-11215.2823189729
580,2.000341772740286,0.005427642285844207,0.0,-11077.361262913935
581,2.0003748536060106,0.005432964200590124,0.23642347460695756,-11215.367464527424
582,2.0003748536060106,0.005432964200590124,0.23642347460695756,-11213.300975765625
583,2.0004079340697047,0.005438285672445735,0.4728268200275812,-11359.817369013135
584,2.0004079340697047,0.005438285672445772,0.47282682002759785,-11359.784754808681
585,2.0004081356344394,0.005421782062993823,0.47571610075882814,-11209.445324110224
586,2.0003750551857156,0.005416459911767103,0.23931354299730695,-11064.637783170723
587,2.0004081356344394,0.005421782062993823,0.47571610075882814,-11209.505461002302
588,2.0004081356344394,0.005421782062993823,0.4757161007588282,-11209.499743755627
589,2.0004412156811324,0.0054271037713296815,0.7171197321411799,-11356.11904609865
590,2.0004412156811324,0.0054271037713296815,0.7070773353281038,-11343.693333914176
591,2.0004081356344394,0.005421782062993823,0.4757161007588282,-11209.484921271025
592,2.0004412156811324,0.0054271037713296815,0.7070773353281038,-11343.731037344209
593,2.0004412156811324,0.0054271037713296815,0.7171197321411799,-11356.073010025128
594,2.0003748253797755,0.0054329736842339115,0.23602019364599044,-11260.288171395025
595,2.000407934165782,0.005438285640165393,0.4728285386468357,-11404.380687777026
596,2.000407934165782,0.0054382856401654295,0.4728285386468357,-11404.309564885443
597,2.0003748819283227,0.005432954684665987,0.23682847425394285,-11255.90691751188
598,2.000341772740286,0.005427642285844244,0.0,-11121.520954138885
599,2.000374881928323,0.005432954684666022,0.23682847425394285,-11255.96717890445
600,2.0003748253797755,0.0054329736842339115,0.23602019364599044,-11260.315761183227
601,2.000407934165782,0.005438285640165393,0.472828538646819,-11404.406531285056
602,2.000407934165782,0.0054382856401654295,0.4728285386468357,-11404.34566025916
603,2.0004081640506963,0.005421772515823256,0.476122370467496,-11249.970051647377
604,2.000375055281793,0.005416459879487279,0.2393149246363003,-11108.07630362988
605,2.0004081640506963,0.005421772515823256,0.476122370467496,-11250.01141737704
606,2.0004081075064,0.005421791513330721,0.475314312289645,-11255.868087192977
607,2.000441215873273,0.005427103706775921,0.7171228607211251,-11400.245890100356
608,2.000441215873273,0.005427103706775921,0.7070804058157646,-11387.94417220472
609,2.0004081075064,0.005421791513330721,0.4753143122896366,-11255.879545312899
610,2.000441215873273,0.005427103706775921,0.7070804058157646,-11387.983656534016
611,2.000441215873273,0.005427103706775921,0.7171228607211334,-11400.196347976806
612,2.0004081640506963,0.005421772515823256,0.47612237046749595,-11249.96389982741
613,2.000375055281793,0.005416459879487316,0.2393149246363003,-11108.078200737424
614,2.0004081640506963,0.005421772515823293,0.476122370467496,-11250.015872152464
615,2.0004081075064,0.0054217915133307586,0.4753143122896366,-11255.90988814013
616,2.000441215873273,0.005427103706775957,0.7070804058157397,-11388.015884334609
617,2.000441215873273,0.005427103706775921,0.7171228607211334,-11400.218770045249
618,2.0004081075064,0.005421791513330721,0.475314312289645,-11255.840078479934
619,2.000441215873273,0.005427103706775921,0.7171228607211334,-11400.215566891266
620,2.000441215873273,0.0054271037067758834,0.707080405815748,-11387.910663935714
621,2.0003748819283227,0.005432954684665987,0.23682847425394285,-11254.931087347599
622,2.000407934165782,0.0054382856401654295,0.4728285386468357,-11404.3454466769
623,2.000407934165782,0.0054382856401654295,0.4728285386468357,-11404.257023792657
624,2.0003748253797755,0.0054329736842339115,0.23602019364599044,-11262.150133465284
625,2.000341772740286,0.005427642285844244,0.0,-11122.47368773332
626,2.0003748253797755,0.0054329736842339115,0.23602019364599044,-11262.238852700415
627,2.000374881928323,0.005432954684666022,0.23682847425394285,-11254.959094929665
628,2.000407934165782,0.005438285640165393,0.472828538646819,-11404.37812478609
629,2.000407934165782,0.005438285640165393,0.4728285386468357,-11404.282226415557
630,2.0004081075064,0.005421791513330721,0.4753143122896365,-11255.759659717225
631,2.000375055281793,0.005416459879487279,0.2393149246363003,-11108.991782236804
632,2.0004081075064,0.005421791513330721,0.4753143122896449,-11255.849839088101
633,2.0004081640506963,0.005421772515823256,0.47612237046749595,-11249.939504695823
634,2.000441215873273,0.005427103706775921,0.7171228607211251,-11400.210868932902
635,2.000441215873273,0.005427103706775921,0.7070804058157646,-11387.864563467843
636,2.0004081640506963,0.005421772515823256,0.47612237046749595,-11249.940777484644
637,2.000441215873273,0.005427103706775921,0.7070804058157646,-11387.945452776488
638,2.000441215873273,0.005427103706775921,0.7171228607211334,-11400.119899566336
639,2.0004081075064,0.005421791513330721,0.4753143122896449,-11255.75838659928
640,2.000375055281793,0.005416459879487316,0.2393149246363003,-11107.888490785024
641,2.0004081075064,0.0054217915133307586,0.47531431228963666,-11255.843897847844
642,2.0004081640506963,0.005421772515823293,0.47612237046749595,-11249.971324437924
643,2.000441215873273,0.005427103706775957,0.7070804058157397,-11387.986431111083
644,2.000441215873273,0.005427103706775921,0.7171228607211334,-11400.137837159184
645,2.0004081640506963,0.005421772515823256,0.47612237046749595,-11249.917443034385
646,2.000441215873273,0.005427103706775921,0.7171228607211334,-11400.18460309261
647,2.000441215873273,0.0054271037067758834,0.707080405815748,-11387.838311854224
648,2.0004080007266327,0.005432827973509689,0.47378433656434155,-4576.5614664829445
649,2.000374785323149,0.0054385548449531074,0.2354484775110265,-4511.664485655625
650,2.0004080007266327,0.005432827973509689,0.47378433656434144,-4576.6185635041
651,2.0004080007266327,0.005432827973509689,0.47378433656434144,-4576.650494694916
652,2.00044121570796,0.005427101574765456,0.7070778121242572,-4580.758505052601
653,2.00044121570796,0.005427101574765456,0.7171202157097007,-4684.5180308445215
654,2.0004080007266327,0.005432827973509689,0.47378433656434155,-4576.745206509316
655,2.00044121570796,0.005427101574765456,0.7171202157097007,-4684.654508255296
656,2.00044121570796,0.005427101574765456,0.707077812124249,-4580.955865852082
657,2.000374988550709,0.005421915635605878,0.23835624752243997,-3860.6332103920363
658,2.000408203938976,0.005416189458067178,0.47669130894356504,-3904.5399371971234
659,2.000408203938976,0.005416189458067178,0.47669130894356504,-3905.5177843161637
660,2.000374988550709,0.005421915635605878,0.23835624752243997,-3854.6792188399695
661,2.000341772740286,0.00542764228584417,0.0,-3725.955702928449
662,2.000374988550709,0.005421915635605878,0.23835624752243997,-3854.7160980496
663,2.000374988550709,0.005421915635605878,0.23835624752243997,-3860.4960197521004
664,2.000408203938976,0.005416189458067178,0.47669130894356504,-3905.316055830784
665,2.000408203938976,0.005416189458067178,0.47669130894356504,-3904.431086789809
666,2.0004080007266327,0.005432827973509689,0.47378433656434155,-4576.685402649617
667,2.000374785323149,0.0054385548449531074,0.2354484775110348,-4512.95341503336
668,2.0004080007266327,0.005432827973509764,0.47378433656434155,-4576.702856676889
669,2.0004080007266327,0.005432827973509764,0.47378433656434155,-4576.764284293369
670,2.00044121570796,0.005427101574765604,0.7171202157097092,-4685.349656748996
671,2.00044121570796,0.00542710157476553,0.707077812124249,-4582.18912871316
672,2.0004080007266327,0.005432827973509689,0.47378433656434155,-4576.790803832289
673,2.00044121570796,0.00542710157476553,0.707077812124249,-4582.0798746878445
674,2.00044121570796,0.005427101574765456,0.7171202157097176,-4685.57787054096
675,2.000374960779962,0.005421906455696503,0.23795785229908173,-6977.39454864
676,2.0004082040327353,0.005416189489060093,0.4766929888276467,-6969.785798769049
677,2.0004082040327353,0.005416189489060093,0.4766929888276467,-6969.7837951233605
678,2.0003750164152154,0.0054219248465081585,0.23875632269829453,-6829.871234011224
679,2.000341772740286,0.00542764228584417,0.0,-6845.4952300500645
680,2.0003750164152154,0.0054219248465081585,0.23875632269829453,-6829.898175667204
681,2.000374960779962,0.005421906455696503,0.23795785229908173,-6977.256723500624
682,2.0004082040327353,0.005416189489060093,0.4766929888276467,-6969.69897438673
683,2.0004082040327353,0.005416189489060093,0.4766929888276467,-6969.666415382783
684,2.0004080286828336,0.005432837214417655,0.4741856403128361,-7023.68549081976
685,2.0003747854169087,0.005438554875945415,0.23544981488272373,-7027.011530961983
686,2.000408028682834,0.005432837214417653,0.4741856403128361,-7023.711806377743
687,2.0004079730516953,0.005432818825573255,0.47338738681690357,-7167.944637601225
688,2.000441215895464,0.0054271016367446875,0.7171232607317656,-7167.746187226849
689,2.000441215895464,0.005427101636744613,0.7070808002242405,-7145.413207058116
690,2.000407973051695,0.005432818825573256,0.4733873868168954,-7168.0589340721
691,2.000441215895464,0.005427101636744613,0.7070808002242405,-7145.555219080996
692,2.000441215895464,0.005427101636744539,0.717123260731774,-7167.622411123343
693,2.0004080286828336,0.005432837214417655,0.4741856403128361,-7023.667053197041
694,2.0003747854169087,0.005438554875945415,0.23544981488271544,-7026.999124531203
695,2.0004080286828336,0.005432837214417655,0.4741856403128277,-7023.667891270276
696,2.000407973051695,0.005432818825573256,0.4733873868169036,-7167.923641015281
697,2.000441215895464,0.005427101636744539,0.7070808002242405,-7145.391398193889
698,2.000441215895464,0.005427101636744539,0.7171232607317488,-7167.695220466565
699,2.000407973051695,0.005432818825573256,0.4733873868168953,-7168.0389532899835
700,2.000441215895464,0.005427101636744539,0.7171232607317571,-7167.818997198728
701,2.000441215895464,0.005427101636744539,0.7070808002242405,-7145.519546880626
702,2.0003750164152154,0.0054219248465081585,0.23875632269829453,-6826.081419730609
703,2.0004082040327353,0.005416189489060093,0.4766929888276467,-6968.522390360977
704,2.0004082040327353,0.005416189489060093,0.4766929888276467,-6968.475309031237
705,2.000374960779962,0.005421906455696503,0.23795785229908173,-6971.300136353343
706,2.000341772740286,0.00542764228584417,0.0,-6845.800369379904
707,2.000374960779962,0.005421906455696503,0.23795785229908173,-6971.326186603023
708,2.0003750164152154,0.0054219248465081585,0.23875632269829453,-6826.111493481224
709,2.0004082040327353,0.005416189489060093,0.4766929888276467,-6968.547934553241
710,2.0004082040327353,0.005416189489060093,0.4766929888276467,-6968.497013170577
711,2.000407973051695,0.005432818825573256,0.4733873868168953,-7166.822210011397
712,2.0003747854169087,0.005438554875945415,0.23544981488272373,-7030.574641584484
713,2.0004079730516953,0.005432818825573255,0.4733873868169036,-7166.862168211683
714,2.000408028682834,0.005432837214417653,0.474185640312836,-7022.492291297345
715,2.000441215895464,0.0054271016367446875,0.7171232607317657,-7166.690822816101
716,2.000441215895464,0.005427101636744613,0.7070808002242406,-7144.278514059555
717,2.0004080286828336,0.005432837214417655,0.474185640312836,-7022.4634640196
718,2.000441215895464,0.005427101636744613,0.7070808002242406,-7144.294573597041
719,2.000441215895464,0.005427101636744539,0.717123260731774,-7166.621912745408
720,2.000407973051695,0.005432818825573256,0.4733873868168953,-7166.68912969
721,2.0003747854169087,0.005438554875945415,0.23544981488271544,-7030.53187890329
722,2.000407973051695,0.005432818825573256,0.4733873868169036,-7166.815268132024
723,2.0004080286828336,0.005432837214417655,0.4741856403128276,-7022.344971121488
724,2.000441215895464,0.005427101636744539,0.7070808002242406,-7144.1980475961645
725,2.000441215895464,0.005427101636744539,0.7171232607317573,-7166.562992358026
726,2.0004080286828336,0.005432837214417655,0.474185640312836,-7022.370613771397
727,2.000441215895464,0.005427101636744539,0.7171232607317489,-7166.570611360001
728,2.000441215895464,0.005427101636744539,0.7070808002242406,-7144.136007586082
