exx,eyy,ezz,exy,exz,eyz,frequency
0,0.01,0.0,-0.01,-0.01,-0.01,0.01,-11388.702496722497
1,0.01,0.0,-0.01,-0.01,-0.01,0.0,-11396.867022332102
2,0.01,0.0,-0.01,-0.01,-0.01,-0.01,-11384.635415223249
3,0.01,0.0,-0.01,-0.01,0.01,-0.01,-11388.59556567377
4,0.01,0.0,-0.01,-0.01,0.01,0.0,-11396.777133864722
5,0.01,0.0,-0.01,-0.01,0.01,0.01,-11384.55347068693
6,0.01,0.0,-0.01,-0.01,0.0,0.01,-11260.005484127929
7,0.01,0.0,-0.01,-0.01,0.0,-0.01,-11260.032436889998
8,0.01,0.0,-0.01,-0.01,0.0,0.0,-11269.016082206883
9,0.01,0.0,-0.01,0.01,0.01,-0.01,-11384.546855385664
10,0.01,0.0,-0.01,0.01,0.01,0.01,-11388.635478002501
11,0.01,0.0,-0.01,0.01,0.01,0.0,-11396.778414933025
12,0.01,0.0,-0.01,0.01,-0.01,0.01,-11384.664223919364
13,0.01,0.0,-0.01,0.01,-0.01,-0.01,-11388.713381947226
14,0.01,0.0,-0.01,0.01,-0.01,0.0,-11396.8860249276
15,0.01,0.0,-0.01,0.01,0.0,0.01,-11260.05365956
16,0.01,0.0,-0.01,0.01,0.0,0.0,-11268.998248069445
17,0.01,0.0,-0.01,0.01,0.0,-0.01,-11260.008243070595
18,0.01,0.0,-0.01,0.0,0.0,0.0,-11132.799447974725
19,0.01,0.0,-0.01,0.0,0.0,-0.01,-11119.752272455697
20,0.01,0.0,-0.01,0.0,0.0,0.01,-11119.78200944213
21,0.01,0.0,-0.01,0.0,-0.01,-0.01,-11244.484569120195
22,0.01,0.0,-0.01,0.0,-0.01,0.0,-11258.493634390401
23,0.01,0.0,-0.01,0.0,-0.01,0.01,-11244.501535528836
24,0.01,0.0,-0.01,0.0,0.01,-0.01,-11244.382134699961
25,0.01,0.0,-0.01,0.0,0.01,0.01,-11244.412462026277
26,0.01,0.0,-0.01,0.0,0.01,0.0,-11258.375432562063
27,0.01,0.0,0.0,0.01,0.0,0.0,-8919.78983584032
28,0.01,0.0,0.0,0.01,0.0,0.01,-8918.801405632837
29,0.01,0.0,0.0,0.01,0.0,-0.01,-8918.754752627281
30,0.01,0.0,0.0,0.01,-0.01,0.0,-9073.769357632227
31,0.01,0.0,0.0,0.01,-0.01,0.01,-9055.582805002276
32,0.01,0.0,0.0,0.01,-0.01,-0.01,-9070.363310787025
33,0.01,0.0,0.0,0.01,0.01,0.01,-9070.42083490505
34,0.01,0.0,0.0,0.01,0.01,0.0,-9073.811651494249
35,0.01,0.0,0.0,0.01,0.01,-0.01,-9055.610401662841
36,0.01,0.0,0.0,-0.01,-0.01,-0.01,-9055.533321440356
37,0.01,0.0,0.0,-0.01,-0.01,0.0,-9073.70915572836
38,0.01,0.0,0.0,-0.01,-0.01,0.01,-9070.322929727048
39,0.01,0.0,0.0,-0.01,0.01,-0.01,-9070.32559639805
40,0.01,0.0,0.0,-0.01,0.01,0.01,-9055.568340562499
41,0.01,0.0,0.0,-0.01,0.01,0.0,-9073.736779994895
42,0.01,0.0,0.0,-0.01,0.0,0.01,-8918.726420902081
43,0.01,0.0,0.0,-0.01,0.0,-0.01,-8918.73473153681
44,0.01,0.0,0.0,-0.01,0.0,0.0,-8919.75999135936
45,0.01,0.0,0.0,0.0,0.01,-0.01,-8918.67580166508
46,0.01,0.0,0.0,0.0,0.01,0.01,-8918.695444934025
47,0.01,0.0,0.0,0.0,0.01,0.0,-8924.899833569343
48,0.01,0.0,0.0,0.0,0.0,-0.01,-8768.9271705025
49,0.01,0.0,0.0,0.0,0.0,0.01,-8768.858998858595
50,0.01,0.0,0.0,0.0,0.0,0.0,-8780.133581402688
51,0.01,0.0,0.0,0.0,-0.01,0.0,-8924.986180901025
52,0.01,0.0,0.0,0.0,-0.01,-0.01,-8918.781762247203
53,0.01,0.0,0.0,0.0,-0.01,0.01,-8918.786106455624
54,0.01,0.0,0.01,0.0,0.0,-0.01,-7700.834543851202
55,0.01,0.0,0.01,0.0,0.0,0.0,-7550.240691878642
56,0.01,0.0,0.01,0.0,0.0,0.01,-7700.857711029961
57,0.01,0.0,0.01,0.0,0.01,0.01,-8388.54107426244
58,0.01,0.0,0.01,0.0,0.01,-0.01,-8388.475679858884
59,0.01,0.0,0.01,0.0,0.01,0.0,-8315.383567125626
60,0.01,0.0,0.01,0.0,-0.01,0.01,-8388.764919220399
61,0.01,0.0,0.01,0.0,-0.01,0.0,-8315.372442104897
62,0.01,0.0,0.01,0.0,-0.01,-0.01,-8388.7610724324
63,0.01,0.0,0.01,-0.01,0.0,-0.01,-7750.09079716
64,0.01,0.0,0.01,-0.01,0.0,0.01,-7750.196791180803
65,0.01,0.0,0.01,-0.01,0.0,0.0,-7696.491489122501
66,0.01,0.0,0.01,-0.01,0.01,0.01,-8394.930621813315
67,0.01,0.0,0.01,-0.01,0.01,-0.01,-8507.097474309185
68,0.01,0.0,0.01,-0.01,0.01,0.0,-8388.63229713353
69,0.01,0.0,0.01,-0.01,-0.01,0.01,-8507.169047987858
70,0.01,0.0,0.01,-0.01,-0.01,0.0,-8388.874095095209
71,0.01,0.0,0.01,-0.01,-0.01,-0.01,-8394.960491216289
72,0.01,0.0,0.01,0.01,-0.01,0.0,-8388.913112820099
73,0.01,0.0,0.01,0.01,-0.01,-0.01,-8507.1382417542
74,0.01,0.0,0.01,0.01,-0.01,0.01,-8395.009601761225
75,0.01,0.0,0.01,0.01,0.0,0.01,-7750.057520116922
76,0.01,0.0,0.01,0.01,0.0,-0.01,-7750.136751289322
77,0.01,0.0,0.01,0.01,0.0,0.0,-7696.559041101225
78,0.01,0.0,0.01,0.01,0.01,-0.01,-8394.833134315684
79,0.01,0.0,0.01,0.01,0.01,0.0,-8388.678641472901
80,0.01,0.0,0.01,0.01,0.01,0.01,-8507.007638700481
81,0.01,0.01,-0.01,0.0,-0.01,0.0,-10385.321786743201
82,0.01,0.01,-0.01,0.0,-0.01,-0.01,-10414.395987698705
83,0.01,0.01,-0.01,0.0,-0.01,0.01,-10413.466528403238
84,0.01,0.01,-0.01,0.0,0.0,0.01,-10378.7603301924
85,0.01,0.01,-0.01,0.0,0.0,-0.01,-10378.761960211681
86,0.01,0.01,-0.01,0.0,0.0,0.0,-10261.50178546304
87,0.01,0.01,-0.01,0.0,0.01,-0.01,-10413.360400423875
88,0.01,0.01,-0.01,0.0,0.01,0.01,-10414.262097285264
89,0.01,0.01,-0.01,0.0,0.01,0.0,-10385.257176918723
90,0.01,0.01,-0.01,0.01,0.01,-0.01,-11041.387765248064
91,0.01,0.01,-0.01,0.01,0.01,0.0,-11025.55083688013
92,0.01,0.01,-0.01,0.01,0.01,0.01,-11110.564604795567
93,0.01,0.01,-0.01,0.01,0.0,0.0,-10967.512245743881
94,0.01,0.01,-0.01,0.01,0.0,-0.01,-11025.418743976035
95,0.01,0.01,-0.01,0.01,0.0,0.01,-11025.424834092528
96,0.01,0.01,-0.01,0.01,-0.01,0.01,-11041.47708173549
97,0.01,0.01,-0.01,0.01,-0.01,-0.01,-11110.749910481765
98,0.01,0.01,-0.01,0.01,-0.01,0.0,-11025.587167817617
99,0.01,0.01,-0.01,-0.01,0.0,0.0,-10965.817427404401
100,0.01,0.01,-0.01,-0.01,0.0,-0.01,-11025.525426260005
101,0.01,0.01,-0.01,-0.01,0.0,0.01,-11025.576667540516
102,0.01,0.01,-0.01,-0.01,0.01,-0.01,-11109.699232943363
103,0.01,0.01,-0.01,-0.01,0.01,0.0,-11025.648279529567
104,0.01,0.01,-0.01,-0.01,0.01,0.01,-11040.173096883984
105,0.01,0.01,-0.01,-0.01,-0.01,-0.01,-11040.308010036899
106,0.01,0.01,-0.01,-0.01,-0.01,0.01,-11109.803792526915
107,0.01,0.01,-0.01,-0.01,-0.01,0.0,-11025.714431573602
108,0.01,0.01,0.01,-0.01,0.0,0.01,-7180.670665590244
109,0.01,0.01,0.01,-0.01,0.0,-0.01,-7180.570165680026
110,0.01,0.01,0.01,-0.01,0.0,0.0,-6834.833030956402
111,0.01,0.01,0.01,-0.01,-0.01,0.01,-7654.3198716608995
112,0.01,0.01,0.01,-0.01,-0.01,-0.01,-6923.979654886116
113,0.01,0.01,0.01,-0.01,-0.01,0.0,-7179.628754636101
114,0.01,0.01,0.01,-0.01,0.01,0.0,-7178.872789476441
115,0.01,0.01,0.01,-0.01,0.01,0.01,-6924.3983762209
116,0.01,0.01,0.01,-0.01,0.01,-0.01,-7654.647083905601
117,0.01,0.01,0.01,0.01,-0.01,-0.01,-7655.827730822568
118,0.01,0.01,0.01,0.01,-0.01,0.0,-7180.132584049569
119,0.01,0.01,0.01,0.01,-0.01,0.01,-6924.819440250001
120,0.01,0.01,0.01,0.01,0.01,0.01,-7656.125050509796
121,0.01,0.01,0.01,0.01,0.01,-0.01,-6924.524694085441
122,0.01,0.01,0.01,0.01,0.01,0.0,-7181.132669166095
123,0.01,0.01,0.01,0.01,0.0,-0.01,-7180.569657250564
124,0.01,0.01,0.01,0.01,0.0,0.0,-6836.53256378893
125,0.01,0.01,0.01,0.01,0.0,0.01,-7180.687104934224
126,0.01,0.01,0.01,0.0,-0.01,0.0,-6834.224901535641
127,0.01,0.01,0.01,0.0,-0.01,-0.01,-7180.246469232225
128,0.01,0.01,0.01,0.0,-0.01,0.01,-7179.555715243081
129,0.01,0.01,0.01,0.0,0.0,0.0,-6030.640401211203
130,0.01,0.01,0.01,0.0,0.0,0.01,-6837.424415238401
131,0.01,0.01,0.01,0.0,0.0,-0.01,-6835.660778583025
132,0.01,0.01,0.01,0.0,0.01,0.01,-7179.599776085361
133,0.01,0.01,0.01,0.0,0.01,0.0,-6834.324270480784
134,0.01,0.01,0.01,0.0,0.01,-0.01,-7179.130704522
135,0.01,0.01,0.0,-0.01,-0.01,0.01,-8507.256117404942
136,0.01,0.01,0.0,-0.01,-0.01,-0.01,-8394.865569003001
137,0.01,0.01,0.0,-0.01,-0.01,0.0,-8388.557010752356
138,0.01,0.01,0.0,-0.01,0.0,0.01,-8388.403141827077
139,0.01,0.01,0.0,-0.01,0.0,-0.01,-8388.33994607016
140,0.01,0.01,0.0,-0.01,0.0,0.0,-8315.181311763457
141,0.01,0.01,0.0,-0.01,0.01,0.0,-8388.435014559998
142,0.01,0.01,0.0,-0.01,0.01,-0.01,-8505.3547112704
143,0.01,0.01,0.0,-0.01,0.01,0.01,-8394.693684198723
144,0.01,0.01,0.0,0.0,0.0,-0.01,-7695.53754646937
145,0.01,0.01,0.0,0.0,0.0,0.0,-7548.844400055395
146,0.01,0.01,0.0,0.0,0.0,0.01,-7695.5677236282245
147,0.01,0.01,0.0,0.0,-0.01,-0.01,-7751.304313586065
148,0.01,0.01,0.0,0.0,-0.01,0.0,-7701.957665596803
149,0.01,0.01,0.0,0.0,-0.01,0.01,-7750.249436321001
150,0.01,0.01,0.0,0.0,0.01,-0.01,-7750.141329102768
151,0.01,0.01,0.0,0.0,0.01,0.01,-7751.1483048472355
152,0.01,0.01,0.0,0.0,0.01,0.0,-7701.849544673124
153,0.01,0.01,0.0,0.01,-0.01,0.0,-8388.697692147556
154,0.01,0.01,0.0,0.01,-0.01,-0.01,-8508.308364402064
155,0.01,0.01,0.0,0.01,-0.01,0.01,-8396.239427952016
156,0.01,0.01,0.0,0.01,0.0,0.01,-8388.597126811226
157,0.01,0.01,0.0,0.01,0.0,0.0,-8316.572163438563
158,0.01,0.01,0.0,0.01,0.0,-0.01,-8388.564154701025
159,0.01,0.01,0.0,0.01,0.01,-0.01,-8396.214137816165
160,0.01,0.01,0.0,0.01,0.01,0.0,-8388.659957178385
161,0.01,0.01,0.0,0.01,0.01,0.01,-8508.120748275625
162,0.01,-0.01,0.01,0.0,0.0,0.0,-10262.649536029698
163,0.01,-0.01,0.01,0.0,0.0,0.01,-10384.25259134141
164,0.01,-0.01,0.01,0.0,0.0,-0.01,-10384.21305295568
165,0.01,-0.01,0.01,0.0,0.01,0.01,-11025.711491478543
166,0.01,-0.01,0.01,0.0,0.01,0.0,-10967.304051660609
167,0.01,-0.01,0.01,0.0,0.01,-0.01,-11025.67474032337
168,0.01,-0.01,0.01,0.0,-0.01,0.0,-10966.94505765149
169,0.01,-0.01,0.01,0.0,-0.01,-0.01,-11025.88138761481
170,0.01,-0.01,0.01,0.0,-0.01,0.01,-11025.875297372226
171,0.01,-0.01,0.01,0.01,0.01,0.01,-11109.66592576
172,0.01,-0.01,0.01,0.01,0.01,-0.01,-11040.238451906522
173,0.01,-0.01,0.01,0.01,0.01,0.0,-11025.821325295921
174,0.01,-0.01,0.01,0.01,0.0,0.01,-10413.361216790885
175,0.01,-0.01,0.01,0.01,0.0,0.0,-10379.90667285793
176,0.01,-0.01,0.01,0.01,0.0,-0.01,-10413.517755756024
177,0.01,-0.01,0.01,0.01,-0.01,-0.01,-11109.82171105332
178,0.01,-0.01,0.01,0.01,-0.01,0.0,-11026.004242867526
179,0.01,-0.01,0.01,0.01,-0.01,0.01,-11040.56880244032
180,0.01,-0.01,0.01,-0.01,-0.01,0.0,-11025.984501977344
181,0.01,-0.01,0.01,-0.01,-0.01,0.01,-11109.837099916944
182,0.01,-0.01,0.01,-0.01,-0.01,-0.01,-11040.513113231716
183,0.01,-0.01,0.01,-0.01,0.0,-0.01,-10413.37856459737
184,0.01,-0.01,0.01,-0.01,0.0,0.0,-10379.899337367682
185,0.01,-0.01,0.01,-0.01,0.0,0.01,-10413.551431176098
186,0.01,-0.01,0.01,-0.01,0.01,0.0,-11025.791294197823
187,0.01,-0.01,0.01,-0.01,0.01,-0.01,-11109.725372793124
188,0.01,-0.01,0.01,-0.01,0.01,0.01,-11040.352560978723
189,0.01,-0.01,-0.01,0.01,0.0,0.01,-13138.4733933124
190,0.01,-0.01,-0.01,0.01,0.0,0.0,-13147.7274053316
191,0.01,-0.01,-0.01,0.01,0.0,-0.01,-13138.427314834442
192,0.01,-0.01,-0.01,0.01,-0.01,-0.01,-13257.14660134049
193,0.01,-0.01,-0.01,0.01,-0.01,0.01,-13254.3527690025
194,0.01,-0.01,-0.01,0.01,-0.01,0.0,-13272.697088524865
195,0.01,-0.01,-0.01,0.01,0.01,0.0,-13272.713217536644
196,0.01,-0.01,-0.01,0.01,0.01,-0.01,-13254.365433036026
197,0.01,-0.01,-0.01,0.01,0.01,0.01,-13257.205322643844
198,0.01,-0.01,-0.01,0.0,0.0,-0.01,-13014.006148628809
199,0.01,-0.01,-0.01,0.0,0.0,0.01,-13013.98835231916
200,0.01,-0.01,-0.01,0.0,0.0,0.0,-13028.153955801721
201,0.01,-0.01,-0.01,0.0,0.01,0.0,-13152.535457726017
202,0.01,-0.01,-0.01,0.0,0.01,0.01,-13138.407370443663
203,0.01,-0.01,-0.01,0.0,0.01,-0.01,-13138.374588317001
204,0.01,-0.01,-0.01,0.0,-0.01,-0.01,-13138.479124472025
205,0.01,-0.01,-0.01,0.0,-0.01,0.0,-13152.60335104
206,0.01,-0.01,-0.01,0.0,-0.01,0.01,-13138.489899055503
207,0.01,-0.01,-0.01,-0.01,-0.01,-0.01,-13254.438654293928
208,0.01,-0.01,-0.01,-0.01,-0.01,0.01,-13257.243088570403
209,0.01,-0.01,-0.01,-0.01,-0.01,0.0,-13272.796166894885
210,0.01,-0.01,-0.01,-0.01,0.0,0.0,-13147.741852941608
211,0.01,-0.01,-0.01,-0.01,0.0,-0.01,-13138.45986778064
212,0.01,-0.01,-0.01,-0.01,0.0,0.01,-13138.451156424888
213,0.01,-0.01,-0.01,-0.01,0.01,-0.01,-13257.253220901317
214,0.01,-0.01,-0.01,-0.01,0.01,0.01,-13254.445792226117
215,0.01,-0.01,-0.01,-0.01,0.01,0.0,-13272.784415720042
216,0.01,-0.01,0.0,-0.01,0.0,-0.01,-11244.440032358416
217,0.01,-0.01,0.0,-0.01,0.0,0.0,-11253.2613043321
218,0.01,-0.01,0.0,-0.01,0.0,0.01,-11244.444486030623
219,0.01,-0.01,0.0,-0.01,-0.01,0.0,-11396.8112957108
220,0.01,-0.01,0.0,-0.01,-0.01,0.01,-11388.674963530226
221,0.01,-0.01,0.0,-0.01,-0.01,-0.01,-11384.590815165604
222,0.01,-0.01,0.0,-0.01,0.01,-0.01,-11388.603889629605
223,0.01,-0.01,0.0,-0.01,0.01,0.0,-11396.769020433801
224,0.01,-0.01,0.0,-0.01,0.01,0.01,-11384.541093673224
225,0.01,-0.01,0.0,0.0,0.0,-0.01,-11119.61624206728
226,0.01,-0.01,0.0,0.0,0.0,0.01,-11119.600213735226
227,0.01,-0.01,0.0,0.0,0.0,0.0,-11132.694569212224
228,0.01,-0.01,0.0,0.0,0.01,-0.01,-11259.991052741027
229,0.01,-0.01,0.0,0.0,0.01,0.0,-11273.8271437584
230,0.01,-0.01,0.0,0.0,0.01,0.01,-11260.018005485823
231,0.01,-0.01,0.0,0.0,-0.01,0.01,-11260.030526850682
232,0.01,-0.01,0.0,0.0,-0.01,-0.01,-11260.02458450717
233,0.01,-0.01,0.0,0.0,-0.01,0.0,-11273.874924035024
234,0.01,-0.01,0.0,0.01,0.0,-0.01,-11244.456998733456
235,0.01,-0.01,0.0,0.01,0.0,0.0,-11253.2636381228
236,0.01,-0.01,0.0,0.01,0.0,0.01,-11244.47544968084
237,0.01,-0.01,0.0,0.01,0.01,0.01,-11388.64038701033
238,0.01,-0.01,0.0,0.01,0.01,-0.01,-11384.53981329288
239,0.01,-0.01,0.0,0.01,0.01,0.0,-11396.789731039504
240,0.01,-0.01,0.0,0.01,-0.01,-0.01,-11388.68435469284
241,0.01,-0.01,0.0,0.01,-0.01,0.0,-11396.841827904065
242,0.01,-0.01,0.0,0.01,-0.01,0.01,-11384.621544382562
243,0.0,0.01,0.0,0.01,0.0,0.0,-8923.842726684648
244,0.0,0.01,0.0,0.01,0.0,0.01,-9075.387263339928
245,0.0,0.01,0.0,0.01,0.0,-0.01,-9075.339440459777
246,0.0,0.01,0.0,0.01,-0.01,0.0,-8917.573169007408
247,0.0,0.01,0.0,0.01,-0.01,0.01,-9057.215648054025
248,0.0,0.01,0.0,0.01,-0.01,-0.01,-9071.931003489224
249,0.0,0.01,0.0,0.01,0.01,0.01,-9071.9816747964
250,0.0,0.01,0.0,0.01,0.01,0.0,-8917.596210650625
251,0.0,0.01,0.0,0.01,0.01,-0.01,-9057.19394944268
252,0.0,0.01,0.0,-0.01,-0.01,-0.01,-9057.23925008184
253,0.0,0.01,0.0,-0.01,-0.01,0.0,-8917.538040002088
254,0.0,0.01,0.0,-0.01,-0.01,0.01,-9072.02396449193
255,0.0,0.01,0.0,-0.01,0.01,-0.01,-9071.99805727937
256,0.0,0.01,0.0,-0.01,0.01,0.01,-9057.306249554162
257,0.0,0.01,0.0,-0.01,0.01,0.0,-8917.54257277308
258,0.0,0.01,0.0,-0.01,0.0,0.01,-9075.47376400896
259,0.0,0.01,0.0,-0.01,0.0,-0.01,-9075.416604930362
260,0.0,0.01,0.0,-0.01,0.0,0.0,-8923.80040592516
261,0.0,0.01,0.0,0.0,0.01,-0.01,-8917.582801166114
262,0.0,0.01,0.0,0.0,0.01,0.01,-8917.617552527045
263,0.0,0.01,0.0,0.0,0.01,0.0,-8770.276986159048
264,0.0,0.01,0.0,0.0,0.0,-0.01,-8919.074526485905
265,0.0,0.01,0.0,0.0,0.0,0.01,-8919.158390159615
266,0.0,0.01,0.0,0.0,0.0,0.0,-8781.061634167761
267,0.0,0.01,0.0,0.0,-0.01,0.0,-8770.211431451648
268,0.0,0.01,0.0,0.0,-0.01,-0.01,-8917.544461428
269,0.0,0.01,0.0,0.0,-0.01,0.01,-8917.624540580626
270,0.0,0.01,0.01,0.0,0.0,-0.01,-8316.200091012804
271,0.0,0.01,0.01,0.0,0.0,0.0,-7548.273408639999
272,0.0,0.01,0.01,0.0,0.0,0.01,-8317.726552868042
273,0.0,0.01,0.01,0.0,0.01,0.01,-8388.368338337297
274,0.0,0.01,0.01,0.0,0.01,-0.01,-8387.943741575524
275,0.0,0.01,0.01,0.0,0.01,0.0,-7699.653239438225
276,0.0,0.01,0.01,0.0,-0.01,0.01,-8388.357530952528
277,0.0,0.01,0.01,0.0,-0.01,0.0,-7699.637620361242
278,0.0,0.01,0.01,0.0,-0.01,-0.01,-8387.930736408607
279,0.0,0.01,0.01,-0.01,0.0,-0.01,-8387.951434777598
280,0.0,0.01,0.01,-0.01,0.0,0.01,-8388.359362712168
281,0.0,0.01,0.01,-0.01,0.0,0.0,-7700.904045492025
282,0.0,0.01,0.01,-0.01,0.01,0.01,-8396.137168071844
283,0.0,0.01,0.01,-0.01,0.01,-0.01,-8506.410529881616
284,0.0,0.01,0.01,-0.01,0.01,0.0,-7749.355901741477
285,0.0,0.01,0.01,-0.01,-0.01,0.01,-8507.98718604
286,0.0,0.01,0.01,-0.01,-0.01,0.0,-7750.90196918885
287,0.0,0.01,0.01,-0.01,-0.01,-0.01,-8393.780965056401
288,0.0,0.01,0.01,0.01,-0.01,0.0,-7749.291463603601
289,0.0,0.01,0.01,0.01,-0.01,-0.01,-8506.392452771237
290,0.0,0.01,0.01,0.01,-0.01,0.01,-8396.160442219225
291,0.0,0.01,0.01,0.01,0.0,0.01,-8388.362659880024
292,0.0,0.01,0.01,0.01,0.0,-0.01,-8387.977628325409
293,0.0,0.01,0.01,0.01,0.0,0.0,-7700.88579250548
294,0.0,0.01,0.01,0.01,0.01,-0.01,-8393.853892808484
295,0.0,0.01,0.01,0.01,0.01,0.0,-7750.923626848901
296,0.0,0.01,0.01,0.01,0.01,0.01,-8508.008032010497
297,0.0,0.01,-0.01,-0.01,-0.01,0.01,-11387.339110098577
298,0.0,0.01,-0.01,-0.01,-0.01,0.0,-11258.637090225624
299,0.0,0.01,-0.01,-0.01,-0.01,-0.01,-11383.203775641605
300,0.0,0.01,-0.01,-0.01,0.01,-0.01,-11387.299626886681
301,0.0,0.01,-0.01,-0.01,0.01,0.0,-11258.654279521637
302,0.0,0.01,-0.01,-0.01,0.01,0.01,-11383.228954990656
303,0.0,0.01,-0.01,-0.01,0.0,0.01,-11395.477740657607
304,0.0,0.01,-0.01,-0.01,0.0,-0.01,-11395.43717584457
305,0.0,0.01,-0.01,-0.01,0.0,0.0,-11272.575336588226
306,0.0,0.01,-0.01,0.01,0.01,-0.01,-11383.310681374802
307,0.0,0.01,-0.01,0.01,0.01,0.01,-11387.384142385969
308,0.0,0.01,-0.01,0.01,0.01,0.0,-11258.713487197225
309,0.0,0.01,-0.01,0.01,-0.01,0.01,-11383.304706590041
310,0.0,0.01,-0.01,0.01,-0.01,-0.01,-11387.340390636326
311,0.0,0.01,-0.01,0.01,-0.01,0.0,-11258.692265790223
312,0.0,0.01,-0.01,0.01,0.0,0.01,-11395.537093514162
313,0.0,0.01,-0.01,0.01,0.0,0.0,-11272.578309415201
314,0.0,0.01,-0.01,0.01,0.0,-0.01,-11395.5516115026
315,0.0,0.01,-0.01,0.0,0.0,0.0,-11133.085176526096
316,0.0,0.01,-0.01,0.0,0.0,-0.01,-11252.451281415184
317,0.0,0.01,-0.01,0.0,0.0,0.01,-11252.460404088224
318,0.0,0.01,-0.01,0.0,-0.01,-0.01,-11243.077674224398
319,0.0,0.01,-0.01,0.0,-0.01,0.0,-11116.005941165842
320,0.0,0.01,-0.01,0.0,-0.01,0.01,-11243.143415016102
321,0.0,0.01,-0.01,0.0,0.01,-0.01,-11243.143839150864
322,0.0,0.01,-0.01,0.0,0.01,0.01,-11243.141082275042
323,0.0,0.01,-0.01,0.0,0.01,0.0,-11116.000669542917
324,0.0,0.0,0.01,0.0,0.01,-0.01,-9073.623235002624
325,0.0,0.0,0.01,0.0,0.01,0.01,-9073.677911781024
326,0.0,0.0,0.01,0.0,0.01,0.0,-8921.790096531986
327,0.0,0.0,0.01,0.0,0.0,-0.01,-8923.76148602957
328,0.0,0.0,0.01,0.0,0.0,0.01,-8923.841404159397
329,0.0,0.0,0.01,0.0,0.0,0.0,-8779.869717519681
330,0.0,0.0,0.01,0.0,-0.01,0.0,-8921.764404728463
331,0.0,0.0,0.01,0.0,-0.01,-0.01,-9073.62418755833
332,0.0,0.0,0.01,0.0,-0.01,0.01,-9073.662099315983
333,0.0,0.0,0.01,0.01,0.0,0.0,-8768.358020319121
334,0.0,0.0,0.01,0.01,0.0,0.01,-8917.590922402009
335,0.0,0.0,0.01,0.01,0.0,-0.01,-8917.502155605727
336,0.0,0.0,0.01,0.01,-0.01,0.0,-8917.548238738442
337,0.0,0.0,0.01,0.01,-0.01,0.01,-9055.493925008881
338,0.0,0.0,0.01,0.01,-0.01,-0.01,-9070.224834601984
339,0.0,0.0,0.01,0.01,0.01,0.01,-9070.265977347135
340,0.0,0.0,0.01,0.01,0.01,0.0,-8917.543139369536
341,0.0,0.0,0.01,0.01,0.01,-0.01,-9055.442348167744
342,0.0,0.0,0.01,-0.01,-0.01,-0.01,-9055.42008072084
343,0.0,0.0,0.01,-0.01,-0.01,0.0,-8917.519342333924
344,0.0,0.0,0.01,-0.01,-0.01,0.01,-9070.243501206276
345,0.0,0.0,0.01,-0.01,0.01,-0.01,-9070.218739388416
346,0.0,0.0,0.01,-0.01,0.01,0.01,-9055.517144151361
347,0.0,0.0,0.01,-0.01,0.01,0.0,-8917.57581312889
348,0.0,0.0,0.01,-0.01,0.0,0.01,-8917.587900546361
349,0.0,0.0,0.01,-0.01,0.0,-0.01,-8917.495734195048
350,0.0,0.0,0.01,-0.01,0.0,0.0,-8768.26101005405
351,0.0,0.0,0.0,0.01,0.0,-0.01,6664.23714237884
352,0.0,0.0,0.0,0.01,0.0,0.01,6663.899831740368
353,0.0,0.0,0.0,0.01,0.0,0.0,7027.808918592783
354,0.0,0.0,0.0,0.01,0.01,-0.01,6966.342457885924
355,0.0,0.0,0.0,0.01,0.01,0.01,6145.024083161616
356,0.0,0.0,0.0,0.01,0.01,0.0,6664.697733760001
357,0.0,0.0,0.0,0.01,-0.01,0.0,6665.486539589761
358,0.0,0.0,0.0,0.01,-0.01,-0.01,6145.457745420901
359,0.0,0.0,0.0,0.01,-0.01,0.01,6969.15733602744
360,0.0,0.0,0.0,0.0,0.01,0.0,7030.132599124995
361,0.0,0.0,0.0,0.0,0.01,0.01,6664.815455699042
362,0.0,0.0,0.0,0.0,0.01,-0.01,6665.240145010084
363,0.0,0.0,0.0,0.0,0.0,0.01,7027.2090294025
364,0.0,0.0,0.0,0.0,0.0,0.0,7881.631472773809
365,0.0,0.0,0.0,0.0,0.0,-0.01,7028.3997791447055
366,0.0,0.0,0.0,0.0,-0.01,0.0,7030.0417104783355
367,0.0,0.0,0.0,0.0,-0.01,0.01,6664.7098161302765
368,0.0,0.0,0.0,0.0,-0.01,-0.01,6664.3468599734015
369,0.0,0.0,0.0,-0.01,0.0,-0.01,6664.240244500805
370,0.0,0.0,0.0,-0.01,0.0,0.01,6663.789301505296
371,0.0,0.0,0.0,-0.01,0.0,0.0,7028.997539339689
372,0.0,0.0,0.0,-0.01,0.01,-0.01,6149.186680562499
373,0.0,0.0,0.0,-0.01,0.01,0.01,6966.685835555624
374,0.0,0.0,0.0,-0.01,0.01,0.0,6665.148707491044
375,0.0,0.0,0.0,-0.01,-0.01,0.0,6664.599769
376,0.0,0.0,0.0,-0.01,-0.01,-0.01,6967.204841006656
377,0.0,0.0,0.0,-0.01,-0.01,0.01,6149.812305306121
378,0.0,0.0,-0.01,0.0,0.01,-0.01,4832.1817370988165
379,0.0,0.0,-0.01,0.0,0.01,0.01,4831.503722342361
380,0.0,0.0,-0.01,0.0,0.01,0.0,4873.074630522921
381,0.0,0.0,-0.01,0.0,0.0,-0.01,4877.547798550249
382,0.0,0.0,-0.01,0.0,0.0,0.01,4877.6363553659285
383,0.0,0.0,-0.01,0.0,0.0,0.0,4997.196980631024
384,0.0,0.0,-0.01,0.0,-0.01,0.0,4872.897879761025
385,0.0,0.0,-0.01,0.0,-0.01,-0.01,4831.348301425802
386,0.0,0.0,-0.01,0.0,-0.01,0.01,4832.065927641969
387,0.0,0.0,-0.01,0.01,0.0,0.0,4182.629265562499
388,0.0,0.0,-0.01,0.01,0.0,0.01,4126.60556707292
389,0.0,0.0,-0.01,0.01,0.0,-0.01,4126.607108800929
390,0.0,0.0,-0.01,0.01,-0.01,0.0,4126.554690210225
391,0.0,0.0,-0.01,0.01,-0.01,0.01,4129.753219080335
392,0.0,0.0,-0.01,0.01,-0.01,-0.01,4022.2720753182252
393,0.0,0.0,-0.01,0.01,0.01,0.01,4022.4150283901436
394,0.0,0.0,-0.01,0.01,0.01,0.0,4126.62072741084
395,0.0,0.0,-0.01,0.01,0.01,-0.01,4129.818896286889
396,0.0,0.0,-0.01,-0.01,-0.01,-0.01,4130.567087782143
397,0.0,0.0,-0.01,-0.01,-0.01,0.0,4126.564711385649
398,0.0,0.0,-0.01,-0.01,-0.01,0.01,4022.9484293980886
399,0.0,0.0,-0.01,-0.01,0.01,-0.01,4023.1023040849004
400,0.0,0.0,-0.01,-0.01,0.01,0.01,4130.731105143696
401,0.0,0.0,-0.01,-0.01,0.01,0.0,4126.6773862084
402,0.0,0.0,-0.01,-0.01,0.0,0.01,4126.657857508624
403,0.0,0.0,-0.01,-0.01,0.0,-0.01,4126.686122746944
404,0.0,0.0,-0.01,-0.01,0.0,0.0,4183.949221370116
405,0.0,-0.01,0.0,0.01,0.0,0.0,4876.5990060225
406,0.0,-0.01,0.0,0.01,0.0,0.01,4832.193554468361
407,0.0,-0.01,0.0,0.01,0.0,-0.01,4832.0474371848995
408,0.0,-0.01,0.0,0.01,-0.01,0.0,4126.443558759999
409,0.0,-0.01,0.0,0.01,-0.01,0.01,4130.397932221585
410,0.0,-0.01,0.0,0.01,-0.01,-0.01,4022.913544779364
411,0.0,-0.01,0.0,0.01,0.01,0.01,4023.050673915529
412,0.0,-0.01,0.0,0.01,0.01,0.0,4126.646294484484
413,0.0,-0.01,0.0,0.01,0.01,-0.01,4130.6755753902235
414,0.0,-0.01,0.0,-0.01,-0.01,-0.01,4130.359242872641
415,0.0,-0.01,0.0,-0.01,-0.01,0.0,4126.367887449722
416,0.0,-0.01,0.0,-0.01,-0.01,0.01,4022.767665285264
417,0.0,-0.01,0.0,-0.01,0.01,-0.01,4023.1036994994806
418,0.0,-0.01,0.0,-0.01,0.01,0.01,4130.642411965475
419,0.0,-0.01,0.0,-0.01,0.01,0.0,4126.687536011401
420,0.0,-0.01,0.0,-0.01,0.0,0.01,4831.896734327716
421,0.0,-0.01,0.0,-0.01,0.0,-0.01,4832.275998401476
422,0.0,-0.01,0.0,-0.01,0.0,0.0,4876.566045067396
423,0.0,-0.01,0.0,0.0,0.01,-0.01,4126.762824813225
424,0.0,-0.01,0.0,0.0,0.01,0.01,4126.627665201889
425,0.0,-0.01,0.0,0.0,0.01,0.0,4183.764875556841
426,0.0,-0.01,0.0,0.0,0.0,-0.01,4873.709619417681
427,0.0,-0.01,0.0,0.0,0.0,0.01,4873.486502950321
428,0.0,-0.01,0.0,0.0,0.0,0.0,4997.2002324108835
429,0.0,-0.01,0.0,0.0,-0.01,0.0,4183.801744394596
430,0.0,-0.01,0.0,0.0,-0.01,-0.01,4126.501115671104
431,0.0,-0.01,0.0,0.0,-0.01,0.01,4126.3924259480045
432,0.0,-0.01,0.01,0.0,0.0,-0.01,-11257.149098682368
433,0.0,-0.01,0.01,0.0,0.0,0.0,-11132.248681718784
434,0.0,-0.01,0.01,0.0,0.0,0.01,-11257.388673108964
435,0.0,-0.01,0.01,0.0,0.01,0.01,-11395.801407752162
436,0.0,-0.01,0.01,0.0,0.01,-0.01,-11395.754437308202
437,0.0,-0.01,0.01,0.0,0.01,0.0,-11271.129315080625
438,0.0,-0.01,0.01,0.0,-0.01,0.01,-11395.757853337227
439,0.0,-0.01,0.01,0.0,-0.01,0.0,-11271.1025613716
440,0.0,-0.01,0.01,0.0,-0.01,-0.01,-11395.723479568516
441,0.0,-0.01,0.01,-0.01,0.0,-0.01,-11243.343395444688
442,0.0,-0.01,0.01,-0.01,0.0,0.01,-11243.369267910026
443,0.0,-0.01,0.01,-0.01,0.0,0.0,-11119.198243816882
444,0.0,-0.01,0.01,-0.01,0.01,0.01,-11383.55223470036
445,0.0,-0.01,0.01,-0.01,0.01,-0.01,-11387.37987391889
446,0.0,-0.01,0.01,-0.01,0.01,0.0,-11258.951804971264
447,0.0,-0.01,0.01,-0.01,-0.01,0.01,-11387.572809430041
448,0.0,-0.01,0.01,-0.01,-0.01,0.0,-11258.893233316625
449,0.0,-0.01,0.01,-0.01,-0.01,-0.01,-11383.484377588571
450,0.0,-0.01,0.01,0.01,-0.01,0.0,-11258.917850370302
451,0.0,-0.01,0.01,0.01,-0.01,-0.01,-11387.5597905001
452,0.0,-0.01,0.01,0.01,-0.01,0.01,-11383.518946280625
453,0.0,-0.01,0.01,0.01,0.0,0.01,-11243.368419632001
454,0.0,-0.01,0.01,0.01,0.0,-0.01,-11243.131327178688
455,0.0,-0.01,0.01,0.01,0.0,0.0,-11119.18812084872
456,0.0,-0.01,0.01,0.01,0.01,-0.01,-11383.523854185603
457,0.0,-0.01,0.01,0.01,0.01,0.0,-11258.927400096649
458,0.0,-0.01,0.01,0.01,0.01,0.01,-11387.606103776528
459,0.0,-0.01,-0.01,-0.01,-0.01,0.01,2467.9075588855208
460,0.0,-0.01,-0.01,-0.01,-0.01,0.0,2453.981244405625
461,0.0,-0.01,-0.01,-0.01,-0.01,-0.01,2481.7215329344
462,0.0,-0.01,-0.01,-0.01,0.01,-0.01,2467.921766825124
463,0.0,-0.01,-0.01,-0.01,0.01,0.0,2453.9638071750005
464,0.0,-0.01,-0.01,-0.01,0.01,0.01,2481.688753535601
465,0.0,-0.01,-0.01,-0.01,0.0,0.01,2592.623884374225
466,0.0,-0.01,-0.01,-0.01,0.0,-0.01,2592.6154320238243
467,0.0,-0.01,-0.01,-0.01,0.0,0.0,2576.5891732929963
468,0.0,-0.01,-0.01,0.01,0.01,-0.01,2481.800144593561
469,0.0,-0.01,-0.01,0.01,0.01,0.01,2468.0189383056004
470,0.0,-0.01,-0.01,0.01,0.01,0.0,2454.041482588089
471,0.0,-0.01,-0.01,0.01,-0.01,0.01,2481.8334229080087
472,0.0,-0.01,-0.01,0.01,-0.01,-0.01,2468.087595382201
473,0.0,-0.01,-0.01,0.01,-0.01,0.0,2454.088246950025
474,0.0,-0.01,-0.01,0.01,0.0,0.01,2592.6173668980014
475,0.0,-0.01,-0.01,0.01,0.0,0.0,2576.575366560484
476,0.0,-0.01,-0.01,0.01,0.0,-0.01,2592.6514819033964
477,0.0,-0.01,-0.01,0.0,0.0,0.0,2699.0979996883357
478,0.0,-0.01,-0.01,0.0,0.0,-0.01,2715.579145665961
479,0.0,-0.01,-0.01,0.0,0.0,0.01,2715.5636165449
480,0.0,-0.01,-0.01,0.0,-0.01,-0.01,2592.5760218490245
481,0.0,-0.01,-0.01,0.0,-0.01,0.0,2573.257240562089
482,0.0,-0.01,-0.01,0.0,-0.01,0.01,2592.569300763841
483,0.0,-0.01,-0.01,0.0,0.01,-0.01,2592.704131471609
484,0.0,-0.01,-0.01,0.0,0.01,0.01,2592.696290012676
485,0.0,-0.01,-0.01,0.0,0.01,0.0,2573.4184543923843
486,-0.01,0.0,-0.01,-0.01,-0.01,0.01,2465.835724181124
487,-0.01,0.0,-0.01,-0.01,-0.01,0.0,2593.332301402441
488,-0.01,0.0,-0.01,-0.01,-0.01,-0.01,2479.649085405625
489,-0.01,0.0,-0.01,-0.01,0.01,-0.01,2465.8831966756
490,-0.01,0.0,-0.01,-0.01,0.01,0.0,2593.339634574649
491,-0.01,0.0,-0.01,-0.01,0.01,0.01,2479.5887329299608
492,-0.01,0.0,-0.01,-0.01,0.0,0.01,2451.840891148489
493,-0.01,0.0,-0.01,-0.01,0.0,-0.01,2451.905262458089
494,-0.01,0.0,-0.01,-0.01,0.0,0.0,2574.0323103460837
495,-0.01,0.0,-0.01,0.01,0.01,-0.01,2479.666016100025
496,-0.01,0.0,-0.01,0.01,0.01,0.01,2465.832844065409
497,-0.01,0.0,-0.01,0.01,0.01,0.0,2593.3019503277287
498,-0.01,0.0,-0.01,0.01,-0.01,0.01,2479.6134315440895
499,-0.01,0.0,-0.01,0.01,-0.01,-0.01,2465.925703815744
500,-0.01,0.0,-0.01,0.01,-0.01,0.0,2593.3331161988413
501,-0.01,0.0,-0.01,0.01,0.0,0.01,2451.877731240721
502,-0.01,0.0,-0.01,0.01,0.0,0.0,2573.990809347169
503,-0.01,0.0,-0.01,0.01,0.0,-0.01,2451.945470197129
504,-0.01,0.0,-0.01,0.0,0.0,0.0,2697.9762465502095
505,-0.01,0.0,-0.01,0.0,0.0,-0.01,2577.204727195329
506,-0.01,0.0,-0.01,0.0,0.0,0.01,2577.193457116356
507,-0.01,0.0,-0.01,0.0,-0.01,-0.01,2593.330671810025
508,-0.01,0.0,-0.01,0.0,-0.01,0.0,2713.9890483216
509,-0.01,0.0,-0.01,0.0,-0.01,0.01,2593.290848804496
510,-0.01,0.0,-0.01,0.0,0.01,-0.01,2593.2873859488996
511,-0.01,0.0,-0.01,0.0,0.01,0.01,2593.307144626576
512,-0.01,0.0,-0.01,0.0,0.01,0.0,2713.9634171697962
513,-0.01,0.0,0.0,0.01,0.0,0.0,4873.498370718916
514,-0.01,0.0,0.0,0.01,0.0,0.01,4126.6229115296155
515,-0.01,0.0,0.0,0.01,0.0,-0.01,4126.830020006464
516,-0.01,0.0,0.0,0.01,-0.01,0.0,4832.885938519522
517,-0.01,0.0,0.0,0.01,-0.01,0.01,4129.839717741241
518,-0.01,0.0,0.0,0.01,-0.01,-0.01,4023.7132651005163
519,-0.01,0.0,0.0,0.01,0.01,0.01,4022.5582376968814
520,-0.01,0.0,0.0,0.01,0.01,0.0,4831.725736699455
521,-0.01,0.0,0.0,0.01,0.01,-0.01,4131.426672630624
522,-0.01,0.0,0.0,-0.01,-0.01,-0.01,4131.437985245169
523,-0.01,0.0,0.0,-0.01,-0.01,0.0,4831.560163830624
524,-0.01,0.0,0.0,-0.01,-0.01,0.01,4022.403866035776
525,-0.01,0.0,0.0,-0.01,0.01,-0.01,4023.5285510640997
526,-0.01,0.0,0.0,-0.01,0.01,0.01,4129.830463755049
527,-0.01,0.0,0.0,-0.01,0.01,0.0,4832.671822491241
528,-0.01,0.0,0.0,-0.01,0.0,0.01,4126.723381618083
529,-0.01,0.0,0.0,-0.01,0.0,-0.01,4126.943469346682
530,-0.01,0.0,0.0,-0.01,0.0,0.0,4873.705151453329
531,-0.01,0.0,0.0,0.0,0.01,-0.01,4126.944497207401
532,-0.01,0.0,0.0,0.0,0.01,0.01,4126.644110359522
533,-0.01,0.0,0.0,0.0,0.01,0.0,4874.048213299457
534,-0.01,0.0,0.0,0.0,0.0,-0.01,4182.815267897345
535,-0.01,0.0,0.0,0.0,0.0,0.01,4181.76915556
536,-0.01,0.0,0.0,0.0,0.0,0.0,4998.3651445796895
537,-0.01,0.0,0.0,0.0,-0.01,0.0,4874.026431235984
538,-0.01,0.0,0.0,0.0,-0.01,-0.01,4126.875759303696
539,-0.01,0.0,0.0,0.0,-0.01,0.01,4126.718113974369
540,-0.01,0.0,0.01,0.0,0.0,-0.01,-11272.527771409921
541,-0.01,0.0,0.01,0.0,0.0,0.0,-11133.094672737361
542,-0.01,0.0,0.01,0.0,0.0,0.01,-11272.615469785476
543,-0.01,0.0,0.01,0.0,0.01,0.01,-11395.601357033123
544,-0.01,0.0,0.01,0.0,0.01,-0.01,-11395.449985777728
545,-0.01,0.0,0.01,0.0,0.01,0.0,-11256.526726368398
546,-0.01,0.0,0.01,0.0,-0.01,0.01,-11395.580007006725
547,-0.01,0.0,0.01,0.0,-0.01,0.0,-11256.504446055626
548,-0.01,0.0,0.01,0.0,-0.01,-0.01,-11395.41753396104
549,-0.01,0.0,0.01,-0.01,0.0,-0.01,-11258.61459561116
550,-0.01,0.0,0.01,-0.01,0.0,0.01,-11258.742560557283
551,-0.01,0.0,0.01,-0.01,0.0,0.0,-11120.011470646225
552,-0.01,0.0,0.01,-0.01,0.01,0.01,-11383.381738756623
553,-0.01,0.0,0.01,-0.01,0.01,-0.01,-11387.313072513316
554,-0.01,0.0,0.01,-0.01,0.01,0.0,-11243.140446072975
555,-0.01,0.0,0.01,-0.01,-0.01,0.01,-11387.383502115857
556,-0.01,0.0,0.01,-0.01,-0.01,0.0,-11243.081703493202
557,-0.01,0.0,0.01,-0.01,-0.01,-0.01,-11383.1593917721
558,-0.01,0.0,0.01,0.01,-0.01,0.0,-11243.120511750723
559,-0.01,0.0,0.01,0.01,-0.01,-0.01,-11387.29066314
560,-0.01,0.0,0.01,0.01,-0.01,0.01,-11383.352078140848
561,-0.01,0.0,0.01,0.01,0.0,0.01,-11258.728554408337
562,-0.01,0.0,0.01,0.01,0.0,-0.01,-11258.623932995568
563,-0.01,0.0,0.01,0.01,0.0,0.0,-11120.0125251609
564,-0.01,0.0,0.01,0.01,0.01,-0.01,-11383.183717536016
565,-0.01,0.0,0.01,0.01,0.01,0.0,-11243.091246501137
566,-0.01,0.0,0.01,0.01,0.01,0.01,-11387.395453827601
567,-0.01,0.01,-0.01,0.0,-0.01,0.0,-13015.74294446048
568,-0.01,0.01,-0.01,0.0,-0.01,-0.01,-13137.19124970257
569,-0.01,0.01,-0.01,0.0,-0.01,0.01,-13137.223113411077
570,-0.01,0.01,-0.01,0.0,0.0,0.01,-13147.276552157477
571,-0.01,0.01,-0.01,0.0,0.0,-0.01,-13147.247657456703
572,-0.01,0.01,-0.01,0.0,0.0,0.0,-13029.281920974401
573,-0.01,0.01,-0.01,0.0,0.01,-0.01,-13137.22471805929
574,-0.01,0.01,-0.01,0.0,0.01,0.01,-13137.22701041405
575,-0.01,0.01,-0.01,0.0,0.01,0.0,-13015.77443236981
576,-0.01,0.01,-0.01,0.01,0.01,-0.01,-13256.253823269637
577,-0.01,0.01,-0.01,0.01,0.01,0.0,-13137.206608463717
578,-0.01,0.01,-0.01,0.01,0.01,0.01,-13259.103357312399
579,-0.01,0.01,-0.01,0.01,0.0,0.0,-13151.390013840099
580,-0.01,0.01,-0.01,0.01,0.0,-0.01,-13274.584249405925
581,-0.01,0.01,-0.01,0.01,0.0,0.01,-13274.621118353763
582,-0.01,0.01,-0.01,0.01,-0.01,0.01,-13256.274087179234
583,-0.01,0.01,-0.01,0.01,-0.01,-0.01,-13259.040716776464
584,-0.01,0.01,-0.01,0.01,-0.01,0.0,-13137.186435764355
585,-0.01,0.01,-0.01,-0.01,0.0,0.0,-13151.408591927282
586,-0.01,0.01,-0.01,-0.01,0.0,-0.01,-13274.603836028089
587,-0.01,0.01,-0.01,-0.01,0.0,0.01,-13274.63701810332
588,-0.01,0.01,-0.01,-0.01,0.01,-0.01,-13259.087006275882
589,-0.01,0.01,-0.01,-0.01,0.01,0.0,-13137.234575186178
590,-0.01,0.01,-0.01,-0.01,0.01,0.01,-13256.32221402661
591,-0.01,0.01,-0.01,-0.01,-0.01,-0.01,-13256.274547722816
592,-0.01,0.01,-0.01,-0.01,-0.01,0.01,-13259.105429979722
593,-0.01,0.01,-0.01,-0.01,-0.01,0.0,-13137.217611760803
594,-0.01,0.01,0.01,-0.01,0.0,0.01,-11025.265441597698
595,-0.01,0.01,0.01,-0.01,0.0,-0.01,-11025.171360665856
596,-0.01,0.01,0.01,-0.01,0.0,0.0,-10384.288257475584
597,-0.01,0.01,0.01,-0.01,-0.01,0.01,-11110.253657315343
598,-0.01,0.01,0.01,-0.01,-0.01,-0.01,-11039.089618653183
599,-0.01,0.01,0.01,-0.01,-0.01,0.0,-10413.848593606755
600,-0.01,0.01,0.01,-0.01,0.01,0.0,-10412.483640730085
601,-0.01,0.01,0.01,-0.01,0.01,0.01,-11041.135369315249
602,-0.01,0.01,0.01,-0.01,0.01,-0.01,-11108.875632619802
603,-0.01,0.01,0.01,0.01,-0.01,-0.01,-11108.7592728138
604,-0.01,0.01,0.01,0.01,-0.01,0.0,-10412.301191187857
605,-0.01,0.01,0.01,0.01,-0.01,0.01,-11041.096701084129
606,-0.01,0.01,0.01,0.01,0.01,0.01,-11110.167436038842
607,-0.01,0.01,0.01,0.01,0.01,-0.01,-11039.092980799744
608,-0.01,0.01,0.01,0.01,0.01,0.0,-10413.729401573122
609,-0.01,0.01,0.01,0.01,0.0,-0.01,-11025.16569062252
610,-0.01,0.01,0.01,0.01,0.0,0.0,-10384.298040197375
611,-0.01,0.01,0.01,0.01,0.0,0.01,-11025.261451550025
612,-0.01,0.01,0.01,0.0,-0.01,0.0,-10383.24173666525
613,-0.01,0.01,0.01,0.0,-0.01,-0.01,-11025.13251039816
614,-0.01,0.01,0.01,0.0,-0.01,0.01,-11025.225961157776
615,-0.01,0.01,0.01,0.0,0.0,0.0,-10260.794932718723
616,-0.01,0.01,0.01,0.0,0.0,0.01,-10968.83979130844
617,-0.01,0.01,0.01,0.0,0.0,-0.01,-10967.505543287882
618,-0.01,0.01,0.01,0.0,0.01,0.01,-11025.2517914376
619,-0.01,0.01,0.01,0.0,0.01,0.0,-10383.262320110438
620,-0.01,0.01,0.01,0.0,0.01,-0.01,-11025.144480473344
621,-0.01,0.01,0.0,-0.01,-0.01,0.01,-11387.632781973904
622,-0.01,0.01,0.0,-0.01,-0.01,-0.01,-11383.527481768224
623,-0.01,0.01,0.0,-0.01,-0.01,0.0,-11243.370752396644
624,-0.01,0.01,0.0,-0.01,0.0,0.01,-11395.80567779732
625,-0.01,0.01,0.0,-0.01,0.0,-0.01,-11395.77194446236
626,-0.01,0.01,0.0,-0.01,0.0,0.0,-11257.4031028281
627,-0.01,0.01,0.0,-0.01,0.01,0.0,-11243.378598970403
628,-0.01,0.01,0.0,-0.01,0.01,-0.01,-11387.600127864602
629,-0.01,0.01,0.0,-0.01,0.01,0.01,-11383.56930570372
630,-0.01,0.01,0.0,0.0,0.0,-0.01,-11268.6335005924
631,-0.01,0.01,0.0,0.0,0.0,0.0,-11132.275692160001
632,-0.01,0.01,0.0,0.0,0.0,0.01,-11268.677023700626
633,-0.01,0.01,0.0,0.0,-0.01,-0.01,-11258.934827664383
634,-0.01,0.01,0.0,0.0,-0.01,0.0,-11116.672706110689
635,-0.01,0.01,0.0,0.0,-0.01,0.01,-11258.973875489344
636,-0.01,0.01,0.0,0.0,0.01,-0.01,-11258.967508991525
637,-0.01,0.01,0.0,0.0,0.01,0.01,-11258.96687234184
638,-0.01,0.01,0.0,0.0,0.01,0.0,-11116.686412747204
639,-0.01,0.01,0.0,0.01,-0.01,0.0,-11243.356755812416
640,-0.01,0.01,0.0,0.01,-0.01,-0.01,-11387.589670022498
641,-0.01,0.01,0.0,0.01,-0.01,0.01,-11383.554368575082
642,-0.01,0.01,0.0,0.01,0.0,0.01,-11395.796283699026
643,-0.01,0.01,0.0,0.01,0.0,0.0,-11257.39228053788
644,-0.01,0.01,0.0,0.01,0.0,-0.01,-11395.778990028195
645,-0.01,0.01,0.0,0.01,0.01,-0.01,-11383.545406302599
646,-0.01,0.01,0.0,0.01,0.01,0.0,-11243.372873091985
647,-0.01,0.01,0.0,0.01,0.01,0.01,-11387.61805560509
648,-0.01,-0.01,0.01,0.0,0.0,0.0,-13027.8345914116
649,-0.01,-0.01,0.01,0.0,0.0,0.01,-13151.409738723216
650,-0.01,-0.01,0.01,0.0,0.0,-0.01,-13151.388867045027
651,-0.01,-0.01,0.01,0.0,0.01,0.01,-13272.609531203343
652,-0.01,-0.01,0.01,0.0,0.01,0.0,-13150.729009450382
653,-0.01,-0.01,0.01,0.0,0.01,-0.01,-13273.175663514363
654,-0.01,-0.01,0.01,0.0,-0.01,0.0,-13150.71639502433
655,-0.01,-0.01,0.01,0.0,-0.01,-0.01,-13273.136492391799
656,-0.01,-0.01,0.01,0.0,-0.01,0.01,-13272.57059132945
657,-0.01,-0.01,0.01,0.01,0.01,0.01,-13257.08212319641
658,-0.01,-0.01,0.01,0.01,0.01,-0.01,-13254.81627657097
659,-0.01,-0.01,0.01,0.01,0.01,0.0,-13137.223113411077
660,-0.01,-0.01,0.01,0.01,0.0,0.01,-13137.235492128399
661,-0.01,-0.01,0.01,0.01,0.0,0.0,-13013.559647460099
662,-0.01,-0.01,0.01,0.01,0.0,-0.01,-13137.218757937848
663,-0.01,-0.01,0.01,0.01,-0.01,-0.01,-13257.556271497446
664,-0.01,-0.01,0.01,0.01,-0.01,0.0,-13137.20821311092
665,-0.01,-0.01,0.01,0.01,-0.01,0.01,-13254.206557417225
666,-0.01,-0.01,0.01,-0.01,-0.01,0.0,-13137.184143413135
667,-0.01,-0.01,0.01,-0.01,-0.01,0.01,-13257.023632444201
668,-0.01,-0.01,0.01,-0.01,-0.01,-0.01,-13254.78081668928
669,-0.01,-0.01,0.01,-0.01,0.0,-0.01,-13137.223113411077
670,-0.01,-0.01,0.01,-0.01,0.0,0.0,-13013.453784228675
671,-0.01,-0.01,0.01,-0.01,0.0,0.01,-13137.227239649537
672,-0.01,-0.01,0.01,-0.01,0.01,0.0,-13137.239389133209
673,-0.01,-0.01,0.01,-0.01,0.01,-0.01,-13257.607394355855
674,-0.01,-0.01,0.01,-0.01,0.01,0.01,-13254.235799669765
675,-0.01,-0.01,-0.01,0.01,0.0,0.01,14837.950417387876
676,-0.01,-0.01,-0.01,0.01,0.0,0.0,15141.764679326885
677,-0.01,-0.01,-0.01,0.01,0.0,-0.01,14838.298312002917
678,-0.01,-0.01,-0.01,0.01,-0.01,-0.01,14402.929348962023
679,-0.01,-0.01,-0.01,0.01,-0.01,0.01,15113.119457543184
680,-0.01,-0.01,-0.01,0.01,-0.01,0.0,14840.289283167074
681,-0.01,-0.01,-0.01,0.01,0.01,0.0,14839.802491537983
682,-0.01,-0.01,-0.01,0.01,0.01,-0.01,15112.940955828804
683,-0.01,-0.01,-0.01,0.01,0.01,0.01,14404.319363856015
684,-0.01,-0.01,-0.01,0.0,0.0,-0.01,15141.916525725022
685,-0.01,-0.01,-0.01,0.0,0.0,0.01,15141.316035503025
686,-0.01,-0.01,-0.01,0.0,0.0,0.0,15883.513008636099
687,-0.01,-0.01,-0.01,0.0,0.01,0.0,15143.791411572769
688,-0.01,-0.01,-0.01,0.0,0.01,0.01,14837.44149486737
689,-0.01,-0.01,-0.01,0.0,0.01,-0.01,14839.462375598223
690,-0.01,-0.01,-0.01,0.0,-0.01,-0.01,14838.75121453457
691,-0.01,-0.01,-0.01,0.0,-0.01,0.0,15143.481793911023
692,-0.01,-0.01,-0.01,0.0,-0.01,0.01,14837.103842137803
693,-0.01,-0.01,-0.01,-0.01,-0.01,-0.01,15113.380573520102
694,-0.01,-0.01,-0.01,-0.01,-0.01,0.01,14403.77760771612
695,-0.01,-0.01,-0.01,-0.01,-0.01,0.0,14838.081730072226
696,-0.01,-0.01,-0.01,-0.01,0.0,0.0,15142.368131748899
697,-0.01,-0.01,-0.01,-0.01,0.0,-0.01,14838.224737311504
698,-0.01,-0.01,-0.01,-0.01,0.0,0.01,14837.676830860008
699,-0.01,-0.01,-0.01,-0.01,0.01,-0.01,14403.73536220697
700,-0.01,-0.01,-0.01,-0.01,0.01,0.01,15113.217314302277
701,-0.01,-0.01,-0.01,-0.01,0.01,0.0,14838.394544076602
702,-0.01,-0.01,0.0,-0.01,0.0,-0.01,2593.3123389306247
703,-0.01,-0.01,0.0,-0.01,0.0,0.0,2716.7725194382238
704,-0.01,-0.01,0.0,-0.01,0.0,0.01,2593.2705809472254
705,-0.01,-0.01,0.0,-0.01,-0.01,0.0,2593.302968817289
706,-0.01,-0.01,0.0,-0.01,-0.01,0.01,2464.5639691406245
707,-0.01,-0.01,0.0,-0.01,-0.01,-0.01,2481.196988908225
708,-0.01,-0.01,0.0,-0.01,0.01,-0.01,2467.4558074740644
709,-0.01,-0.01,0.0,-0.01,0.01,0.0,2593.286265613761
710,-0.01,-0.01,0.0,-0.01,0.01,0.01,2478.352166868601
711,-0.01,-0.01,0.0,0.0,0.0,-0.01,2574.0066385395608
712,-0.01,-0.01,0.0,0.0,0.0,0.01,2573.959861387264
713,-0.01,-0.01,0.0,0.0,0.0,0.0,2698.6247300275213
714,-0.01,-0.01,0.0,0.0,0.01,-0.01,2453.463801132304
715,-0.01,-0.01,0.0,0.0,0.01,0.0,2574.342107100625
716,-0.01,-0.01,0.0,0.0,0.01,0.01,2453.353840320964
717,-0.01,-0.01,0.0,0.0,-0.01,0.01,2453.3411603137956
718,-0.01,-0.01,0.0,0.0,-0.01,-0.01,2453.4310107586407
719,-0.01,-0.01,0.0,0.0,-0.01,0.0,2574.328001962896
720,-0.01,-0.01,0.0,0.01,0.0,-0.01,2593.328431121289
721,-0.01,-0.01,0.0,0.01,0.0,0.0,2716.6689005622757
722,-0.01,-0.01,0.0,0.01,0.0,0.01,2593.2710901888995
723,-0.01,-0.01,0.0,0.01,0.01,0.01,2467.3409636968963
724,-0.01,-0.01,0.0,0.01,0.01,-0.01,2481.2432143022406
725,-0.01,-0.01,0.0,0.01,0.01,0.0,2593.318449883225
726,-0.01,-0.01,0.0,0.01,-0.01,-0.01,2467.4189498806413
727,-0.01,-0.01,0.0,0.01,-0.01,0.0,2593.290135863449
728,-0.01,-0.01,0.0,0.01,-0.01,0.01,2478.3480846600996
